"game_id","team_name","team_abbreviation","team_id","home_away","game_date","week","season_type","score","firstdowns","firstdownspassing","firstdownsrushing","firstdownspenalty","totaloffensiveplays","totalyards","yardsperplay","totaldrives","yardsperpass","interceptions","rushingyards","rushingattempts","yardsperrushattempt","turnovers","fumbleslost","defensivetouchdowns","possessiontime","over_under","favored_team","clean_spread","third_down_attempts","third_down_made","fourth_down_attempts","fourth_down_made","redzone_attempts","redzone_made","penalties","penalty_yards","win_loss"
"401671809",Houston Texans,HOU,34,away,"2024-11-01","9",regular-season,13,21,6,10,5,75,322,4.3,10,3.5,0,187,36,5.2,1,1,0,"33:42","43.5",NYJ,2.50,6,17,2,2,1,4,7,60,loss
"401671809",New York Jets,NYJ,20,home,"2024-11-01","9",regular-season,21,17,11,4,2,55,293,5.3,10,5.7,0,100,21,4.8,1,1,0,"26:18","43.5",NYJ,-2.50,5,12,1,1,2,3,9,83,win
"401671728",Dallas Cowboys,DAL,6,away,"2024-11-03","9",regular-season,21,23,13,9,1,74,378,5.1,11,4.5,0,137,21,6.5,0,0,0,"30:40","51.5",ATL,3.50,3,13,1,5,2,3,9,55,loss
"401671728",Atlanta Falcons,ATL,1,home,"2024-11-03","9",regular-season,27,17,12,5,0,56,310,5.5,11,8.1,0,100,30,3.3,1,1,0,"29:20","51.5",ATL,-3.50,4,13,2,2,3,3,4,26,win
"401671493",Miami Dolphins,MIA,15,away,"2024-11-03","9",regular-season,27,26,14,10,2,60,373,6.2,9,7.7,0,149,31,4.8,1,1,0,"31:53","49.5",BUF,6.50,4,8,1,1,3,4,8,57,loss
"401671493",Buffalo Bills,BUF,2,home,"2024-11-03","9",regular-season,30,24,15,5,4,59,325,5.5,8,5.8,1,94,19,4.9,1,0,0,"28:07","49.5",BUF,-6.50,5,10,1,1,2,5,4,40,win
"401671704",Las Vegas Raiders,LV,13,away,"2024-11-03","9",regular-season,24,16,10,4,2,59,217,3.7,11,4.1,0,60,21,2.9,2,2,1,"24:46","44.5",CIN,7.50,5,13,0,1,1,1,6,51,loss
"401671704",Cincinnati Bengals,CIN,4,home,"2024-11-03","9",regular-season,41,26,18,5,3,71,373,5.3,13,6.1,1,130,31,4.2,1,0,0,"35:14","44.5",CIN,-7.50,8,15,1,1,4,5,7,60,win
"401671629",Los Angeles Chargers,LAC,24,away,"2024-11-03","9",regular-season,27,13,10,3,0,56,342,6.1,14,7.5,0,96,23,4.2,0,0,0,"25:51","41.5",LAC,-1.50,5,14,1,1,3,3,5,35,win
"401671629",Cleveland Browns,CLE,5,home,"2024-11-03","9",regular-season,10,21,14,6,1,76,292,3.8,13,4.1,3,79,24,3.3,3,0,0,"34:09","41.5",LAC,1.50,6,17,2,3,1,3,4,25,loss
"401671822",New England Patriots,NE,17,away,"2024-11-03","9",regular-season,17,20,10,7,3,65,295,4.5,11,4.1,2,110,20,5.5,3,1,0,"29:09","38.5",TEN,3.50,3,11,1,1,2,2,8,58,loss
"401671822",Tennessee Titans,TEN,10,home,"2024-11-03","9",regular-season,20,24,13,9,2,73,400,5.5,11,6.9,1,167,39,4.3,1,0,0,"38:44","38.5",TEN,-3.50,7,16,0,1,2,5,10,67,win
"401671711",Washington Commanders,WSH,28,away,"2024-11-03","9",regular-season,27,21,8,11,2,60,358,6.0,8,9.5,0,149,38,3.9,0,0,0,"28:00","42.5",WSH,-3.50,5,12,2,2,3,6,5,52,win
"401671711",New York Giants,NYG,19,home,"2024-11-03","9",regular-season,22,25,10,12,3,59,326,5.5,8,5.8,0,164,31,5.3,1,1,0,"32:00","42.5",WSH,3.50,6,11,2,2,2,3,4,51,loss
"401671650",New Orleans Saints,NO,18,away,"2024-11-03","9",regular-season,22,25,12,11,2,74,427,5.8,11,7.0,0,197,41,4.8,0,0,0,"34:19","43.5",NO,-7.50,5,15,2,3,2,4,10,109,loss
"401671650",Carolina Panthers,CAR,29,home,"2024-11-03","9",regular-season,23,15,8,5,2,50,246,4.9,11,6.1,1,80,23,3.5,1,0,0,"25:41","43.5",NO,7.50,4,10,0,0,3,3,6,55,win
"401671623",Denver Broncos,DEN,7,away,"2024-11-03","9",regular-season,10,20,10,6,4,68,319,4.7,10,5.2,1,122,30,4.1,1,0,0,"28:09","46.5",BAL,8.50,6,14,1,5,1,4,9,71,loss
"401671623",Baltimore Ravens,BAL,33,home,"2024-11-03","9",regular-season,41,25,12,8,5,54,396,7.3,10,13.5,0,127,34,3.7,0,0,0,"31:51","46.5",BAL,-8.50,3,8,0,0,4,6,6,53,win
"401671797",Jacksonville Jaguars,JAX,30,away,"2024-11-03","9",regular-season,23,14,9,4,1,51,215,4.2,11,4.7,2,60,18,3.3,3,1,1,"21:48","46.5",PHI,7.50,3,10,1,2,2,3,4,17,loss
"401671797",Philadelphia Eagles,PHI,21,home,"2024-11-03","9",regular-season,28,21,11,9,1,73,447,6.1,13,7.8,0,237,46,5.2,1,1,0,"38:12","46.5",PHI,-7.50,9,17,0,2,3,4,8,67,win
"401671661",Chicago Bears,CHI,3,away,"2024-11-03","9",regular-season,9,16,10,5,1,70,241,3.4,12,3.7,0,69,23,3.0,0,0,0,"31:01","44.5",ARI,1.50,3,14,2,4,0,1,6,33,loss
"401671661",Arizona Cardinals,ARI,22,home,"2024-11-03","9",regular-season,29,18,7,10,1,57,350,6.1,11,6.0,0,213,34,6.3,2,2,0,"28:59","44.5",ARI,-1.50,5,13,0,1,2,3,2,15,win
"401671767",Detroit Lions,DET,8,away,"2024-11-03","9",regular-season,24,17,8,8,1,55,261,4.7,8,6.0,0,124,32,3.9,0,0,1,"31:11","48.5",DET,-2.50,4,12,2,2,2,4,5,51,win
"401671767",Green Bay Packers,GB,9,home,"2024-11-03","9",regular-season,14,20,10,7,3,62,411,6.6,9,7.0,1,138,23,6.0,1,0,0,"28:49","48.5",DET,2.50,3,12,2,3,1,4,10,67,loss
"401671776",Los Angeles Rams,LAR,14,away,"2024-11-03","9",regular-season,26,22,13,4,5,68,366,5.4,14,6.8,1,68,24,2.8,1,0,1,"32:10","48.5",LAR,-2.00,3,13,0,0,1,3,8,83,win
"401671776",Seattle Seahawks,SEA,26,home,"2024-11-03","9",regular-season,20,20,14,4,2,74,424,5.7,15,7.7,3,107,33,3.2,3,0,0,"32:53","48.5",LAR,2.00,4,15,2,3,1,4,12,95,loss
"401671647",Indianapolis Colts,IND,11,away,"2024-11-04","9",regular-season,13,13,9,3,1,49,227,4.6,10,5.3,1,68,19,3.6,2,1,1,"23:06","46.5",MIN,5.50,3,11,1,2,0,0,7,50,loss
"401671647",Minnesota Vikings,MIN,16,home,"2024-11-04","9",regular-season,21,29,17,10,2,71,415,5.8,11,7.2,2,133,32,4.2,3,1,0,"36:54","46.5",MIN,-5.50,6,12,1,1,3,5,3,41,win
"401671688",Tampa Bay Buccaneers,TB,27,away,"2024-11-05","9",regular-season,24,17,8,7,2,52,284,5.5,9,5.7,0,95,19,5.0,0,0,0,"25:10","45.5",KC,8.50,5,11,0,0,3,3,6,50,loss
"401671688",Kansas City Chiefs,KC,12,home,"2024-11-05","9",regular-season,30,28,19,9,0,83,384,4.6,11,5.4,0,124,35,3.5,1,1,0,"40:42","45.5",KC,-8.50,12,18,1,1,4,4,3,30,win
"401671813",Washington Commanders,WSH,28,away,"2024-11-15","11",regular-season,18,18,10,6,2,63,264,4.2,11,4.9,1,93,28,3.3,1,0,0,"26:56","49.5",PHI,4.50,3,12,1,2,2,2,4,25,loss
"401671813",Philadelphia Eagles,PHI,21,home,"2024-11-15","11",regular-season,26,23,9,13,1,70,434,6.2,11,6.9,0,228,40,5.7,0,0,0,"33:04","49.5",PHI,-4.50,9,16,0,0,1,3,4,49,win
"401671869",Green Bay Packers,GB,9,away,"2024-11-17","11",regular-season,20,19,10,8,1,43,366,8.5,7,14.4,1,106,25,4.2,1,0,0,"23:39","41.5",GB,-6.50,1,5,0,1,3,5,3,25,win
"401671869",Chicago Bears,CHI,3,home,"2024-11-17","11",regular-season,19,23,12,10,1,68,391,5.8,7,6.2,0,179,34,5.3,0,0,0,"36:21","41.5",GB,6.50,9,16,3,3,1,2,7,50,loss
"401671642",Jacksonville Jaguars,JAX,30,away,"2024-11-17","11",regular-season,6,10,7,2,1,47,170,3.6,9,4.3,1,41,17,2.4,1,0,0,"20:54","47.5",DET,14.50,2,10,1,2,0,1,6,40,loss
"401671642",Detroit Lions,DET,8,home,"2024-11-17","11",regular-season,52,38,22,14,2,76,645,8.5,9,13.6,0,196,43,4.6,0,0,0,"39:06","47.5",DET,-14.50,6,10,3,3,5,5,4,46,win
"401671824",Minnesota Vikings,MIN,16,away,"2024-11-17","11",regular-season,23,24,12,5,7,67,318,4.7,12,6.9,0,82,33,2.5,1,1,0,"32:31","40.5",MIN,-5.50,5,14,0,0,2,2,3,35,win
"401671824",Tennessee Titans,TEN,10,home,"2024-11-17","11",regular-season,13,11,8,3,0,55,294,5.3,11,7.3,1,33,19,1.7,1,0,0,"27:29","40.5",MIN,5.50,6,15,0,2,0,1,13,91,loss
"401671851",Las Vegas Raiders,LV,13,away,"2024-11-17","11",regular-season,19,22,17,3,2,62,328,5.3,7,5.8,1,60,16,3.8,1,0,0,"26:48","43.5",MIA,8.50,8,14,2,2,1,3,7,49,loss
"401671851",Miami Dolphins,MIA,15,home,"2024-11-17","11",regular-season,34,25,18,4,3,64,353,5.5,7,7.1,0,82,26,3.2,0,0,0,"33:12","43.5",MIA,-8.50,8,12,2,2,3,4,4,23,win
"401671701",Los Angeles Rams,LAR,14,away,"2024-11-17","11",regular-season,28,19,13,5,1,51,402,7.9,10,10.9,0,107,24,4.5,0,0,0,"22:40","42.5",LAR,-4.50,2,8,1,1,3,4,7,66,win
"401671701",New England Patriots,NE,17,home,"2024-11-17","11",regular-season,22,26,16,6,4,72,382,5.3,9,6.1,1,125,30,4.2,2,1,0,"37:20","42.5",LAR,4.50,6,14,0,0,2,5,7,45,loss
"401671746",Cleveland Browns,CLE,5,away,"2024-11-17","11",regular-season,14,22,17,3,2,70,443,6.3,11,7.5,0,66,20,3.3,0,0,0,"29:22","43.5",CLE,-1.50,3,13,1,3,0,1,3,14,loss
"401671746",New Orleans Saints,NO,18,home,"2024-11-17","11",regular-season,35,19,11,8,0,58,473,8.2,11,8.6,1,214,28,7.6,2,1,0,"30:38","43.5",CLE,1.50,5,10,1,1,2,3,5,41,win
"401671782",Indianapolis Colts,IND,11,away,"2024-11-17","11",regular-season,28,18,13,5,0,67,332,5.0,12,7.5,0,91,35,2.6,1,1,0,"34:17","43.5",NYJ,4.50,6,15,1,2,3,4,5,40,win
"401671782",New York Jets,NYJ,20,home,"2024-11-17","11",regular-season,27,10,7,3,0,52,253,4.9,12,5.1,0,91,20,4.6,0,0,0,"25:43","43.5",NYJ,-4.50,4,13,0,1,2,3,2,14,loss
"401671630",Baltimore Ravens,BAL,33,away,"2024-11-17","11",regular-season,16,16,9,5,2,54,329,6.1,13,5.9,1,124,19,6.5,3,2,0,"23:38","49.5",BAL,-3.50,4,11,0,0,2,2,12,80,loss
"401671630",Pittsburgh Steelers,PIT,23,home,"2024-11-17","11",regular-season,18,18,9,7,2,74,303,4.1,13,4.5,1,122,34,3.6,1,0,0,"36:22","49.5",BAL,3.50,4,16,0,1,0,4,7,45,win
"401671748",Atlanta Falcons,ATL,1,away,"2024-11-17","11",regular-season,6,13,10,2,1,56,226,4.0,10,5.0,1,50,21,2.4,1,0,0,"29:55","44.5",DEN,1.50,4,13,2,2,0,1,6,52,loss
"401671748",Denver Broncos,DEN,7,home,"2024-11-17","11",regular-season,38,22,14,7,1,60,400,6.7,9,8.7,0,105,26,4.0,0,0,0,"30:05","44.5",DEN,-1.50,6,11,1,1,4,4,4,45,win
"401671757",Seattle Seahawks,SEA,26,away,"2024-11-17","11",regular-season,20,19,10,8,1,59,289,4.9,8,5.4,1,94,23,4.1,1,0,0,"26:35","48.5",SF,6.50,6,13,1,2,2,2,4,20,win
"401671757",San Francisco 49ers,SF,25,home,"2024-11-17","11",regular-season,17,21,10,9,2,57,277,4.9,9,4.9,1,131,27,4.9,1,0,0,"33:25","48.5",SF,-6.50,7,11,0,0,2,3,9,54,loss
"401671665",Kansas City Chiefs,KC,12,away,"2024-11-17","11",regular-season,21,19,15,3,1,52,259,5.0,9,5.2,2,78,17,4.6,2,0,0,"25:57","47.5",BUF,2.50,5,10,0,1,3,3,6,57,loss
"401671665",Buffalo Bills,BUF,2,home,"2024-11-17","11",regular-season,30,24,13,9,2,71,366,5.2,10,6.6,1,104,31,3.4,1,0,0,"34:03","47.5",BUF,-2.50,9,15,1,2,3,4,3,24,win
"401671675",Cincinnati Bengals,CIN,4,away,"2024-11-18","11",regular-season,27,24,14,6,4,78,452,5.8,13,6.5,0,110,25,4.4,0,0,0,"34:08","48.5",LAC,0.50,5,17,3,3,2,4,8,56,loss
"401671675",Los Angeles Chargers,LAC,24,home,"2024-11-18","11",regular-season,34,24,14,7,3,63,435,6.9,13,7.4,0,155,25,6.2,1,1,0,"25:52","48.5",LAC,-0.50,3,11,1,1,1,2,5,50,win
"401671694",Houston Texans,HOU,34,away,"2024-11-19","11",regular-season,34,21,13,6,2,60,391,6.5,10,7.1,1,141,25,5.6,1,0,1,"30:37","41.5",HOU,-7.50,4,12,1,2,2,4,9,69,win
"401671694",Dallas Cowboys,DAL,6,home,"2024-11-19","11",regular-season,10,24,17,3,4,79,388,4.9,12,5.3,1,64,18,3.6,2,1,0,"29:23","41.5",HOU,7.50,5,15,0,4,0,1,9,66,loss
"401671834",Cleveland Browns,CLE,5,away,"2025-01-04","18",regular-season,10,13,9,1,3,55,230,4.2,12,4.8,2,56,19,2.9,2,0,0,"28:20",,,,4,12,0,2,1,3,3,20,loss
"401671834",Baltimore Ravens,BAL,33,home,"2025-01-04","18",regular-season,35,20,12,8,0,67,437,6.5,11,6.8,0,220,35,6.3,0,0,1,"31:40",,,,7,14,0,3,3,4,10,83,win
"401671836",Cincinnati Bengals,CIN,4,away,"2025-01-05","18",regular-season,19,21,15,5,1,71,314,4.4,11,4.9,1,68,21,3.2,2,1,0,"38:00",,,,5,13,0,1,1,4,6,25,win
"401671836",Pittsburgh Steelers,PIT,23,home,"2025-01-05","18",regular-season,17,16,8,6,2,58,193,3.3,11,3.4,0,74,23,3.2,1,1,0,"22:00",,,,4,12,0,2,2,2,3,20,loss
"401671827",Carolina Panthers,CAR,29,away,"2025-01-05","18",regular-season,44,25,16,9,0,65,425,6.5,11,7.7,0,155,30,5.2,0,0,0,"34:05",,,,7,12,1,1,5,6,2,30,win
"401671827",Atlanta Falcons,ATL,1,home,"2025-01-05","18",regular-season,38,31,11,20,0,77,537,7.0,10,7.9,1,227,38,6.0,1,0,0,"32:41",,,,9,14,2,3,4,5,7,55,loss
"401671840",Washington Commanders,WSH,28,away,"2025-01-05","18",regular-season,23,18,11,6,1,55,269,4.9,10,4.2,0,113,18,6.3,1,1,0,"22:57",,,,6,13,1,1,3,3,5,55,win
"401671840",Dallas Cowboys,DAL,6,home,"2025-01-05","18",regular-season,19,23,12,9,2,75,378,5.0,11,6.3,0,150,39,3.8,0,0,0,"37:03",,,,7,17,1,2,1,6,11,67,loss
"401671844",Chicago Bears,CHI,3,away,"2025-01-05","18",regular-season,24,16,10,5,1,57,224,3.9,11,4.5,1,83,26,3.2,2,1,1,"29:04",,,,7,14,1,1,1,1,7,45,win
"401671844",Green Bay Packers,GB,9,home,"2025-01-05","18",regular-season,22,20,7,13,0,61,367,6.0,12,6.6,0,183,33,5.5,2,2,0,"30:56",,,,3,10,0,1,1,3,5,45,loss
"401671826",Houston Texans,HOU,34,away,"2025-01-05","18",regular-season,23,18,8,8,2,58,374,6.4,10,5.8,0,207,29,7.1,1,1,1,"30:01",,,,5,12,1,2,1,4,6,48,win
"401671826",Tennessee Titans,TEN,10,home,"2025-01-05","18",regular-season,14,14,9,5,0,60,314,5.2,10,8.2,0,85,32,2.7,1,1,0,"29:59",,,,5,15,2,3,0,2,7,68,loss
"401671837",Jacksonville Jaguars,JAX,30,away,"2025-01-05","18",regular-season,23,19,10,9,0,68,319,4.7,13,6.1,1,113,34,3.3,1,0,0,"30:51",,,,5,14,0,1,2,3,4,57,loss
"401671837",Indianapolis Colts,IND,11,home,"2025-01-05","18",regular-season,26,24,11,12,1,77,429,5.6,12,5.9,0,177,34,5.2,0,0,0,"35:58",,,,5,15,0,1,1,3,3,15,win
"401671831",Buffalo Bills,BUF,2,away,"2025-01-05","18",regular-season,16,16,7,8,1,65,259,4.0,10,4.0,0,130,33,3.9,0,0,0,"28:46",,,,6,15,1,4,2,2,6,35,loss
"401671831",New England Patriots,NE,17,home,"2025-01-05","18",regular-season,23,19,14,5,0,61,309,5.1,10,7.5,0,77,30,2.6,1,1,0,"31:14",,,,4,12,1,1,1,3,7,59,win
"401671841",New York Giants,NYG,19,away,"2025-01-05","18",regular-season,13,10,4,6,0,54,238,4.4,9,4.8,1,100,25,4.0,1,0,0,"30:12",,,,4,14,2,4,0,1,6,40,loss
"401671841",Philadelphia Eagles,PHI,21,home,"2025-01-05","18",regular-season,20,21,15,3,3,68,303,4.5,10,5.9,0,51,25,2.0,0,0,0,"29:48",,,,3,14,1,2,2,4,1,0,win
"401671828",New Orleans Saints,NO,18,away,"2025-01-05","18",regular-season,19,19,14,4,1,63,292,4.6,9,5.2,0,64,19,3.4,0,0,0,"27:44",,,,3,13,2,3,1,2,8,77,loss
"401671828",Tampa Bay Buccaneers,TB,27,home,"2025-01-05","18",regular-season,27,20,11,6,3,64,395,6.2,10,6.5,1,179,31,5.8,1,0,0,"32:16",,,,10,16,1,1,2,3,12,90,win
"401671838",Kansas City Chiefs,KC,12,away,"2025-01-05","18",regular-season,0,5,4,0,1,33,98,3.0,9,3.2,0,27,11,2.5,0,0,0,"18:11",,,,1,9,1,2,0,0,3,15,loss
"401671838",Denver Broncos,DEN,7,home,"2025-01-05","18",regular-season,38,29,15,14,0,72,479,6.7,8,11.1,0,158,43,3.7,0,0,0,"41:49",,,,10,14,2,2,4,5,5,41,win
"401671839",Los Angeles Chargers,LAC,24,away,"2025-01-05","18",regular-season,34,26,13,11,2,72,473,6.6,10,9.1,0,137,35,3.9,0,0,0,"38:58",,,,7,14,1,1,3,6,7,40,win
"401671839",Las Vegas Raiders,LV,13,home,"2025-01-05","18",regular-season,20,16,11,3,2,48,264,5.5,10,6.3,1,39,12,3.3,1,0,0,"21:02",,,,2,9,1,2,1,2,3,28,loss
"401671830",Seattle Seahawks,SEA,26,away,"2025-01-05","18",regular-season,30,18,13,5,0,53,336,6.3,10,7.2,0,126,24,5.3,0,0,0,"28:50",,,,6,11,0,0,3,3,3,23,win
"401671830",Los Angeles Rams,LAR,14,home,"2025-01-05","18",regular-season,25,20,16,3,1,65,403,6.2,10,7.3,1,84,21,4.0,1,0,0,"31:10",,,,5,14,2,3,2,4,2,10,loss
"401671833",Miami Dolphins,MIA,15,away,"2025-01-05","18",regular-season,20,21,14,7,0,68,334,4.9,12,4.4,2,135,23,5.9,4,2,0,"32:04",,,,3,12,3,3,2,5,4,32,loss
"401671833",New York Jets,NYJ,20,home,"2025-01-05","18",regular-season,32,22,14,7,1,62,375,6.0,12,6.4,1,118,22,5.4,1,0,0,"27:56",,,,5,12,1,2,4,5,6,35,win
"401671845",San Francisco 49ers,SF,25,away,"2025-01-05","18",regular-season,24,26,16,9,1,73,436,6.0,12,6.6,2,138,28,4.9,3,1,0,"31:51",,,,5,13,1,2,2,2,13,85,loss
"401671845",Arizona Cardinals,ARI,22,home,"2025-01-05","18",regular-season,47,26,14,8,4,62,393,6.3,12,6.9,0,151,27,5.6,0,0,0,"28:09",,,,4,11,2,2,4,4,1,5,win
"401671843",Minnesota Vikings,MIN,16,away,"2025-01-06","18",regular-season,9,14,7,3,4,62,262,4.2,11,3.3,0,120,19,6.3,0,0,0,"23:48",,,,3,13,0,3,0,4,6,30,loss
"401671843",Detroit Lions,DET,8,home,"2025-01-06","18",regular-season,31,24,14,9,1,66,394,6.0,11,6.2,2,178,31,5.7,2,0,0,"36:12",,,,5,12,2,4,3,3,8,49,win
"401671814",Green Bay Packers,GB,9,away,"2024-12-06","14",regular-season,31,17,7,7,3,45,298,6.6,10,9.5,0,99,24,4.1,1,1,0,"23:54","53.5",DET,3.50,1,5,0,0,4,5,7,59,loss
"401671814",Detroit Lions,DET,8,home,"2024-12-06","14",regular-season,34,27,18,7,2,76,391,5.1,10,6.7,1,111,34,3.3,1,0,0,"36:06","53.5",DET,-3.50,7,15,4,5,4,5,7,56,win
"401671821",Jacksonville Jaguars,JAX,30,away,"2024-12-08","14",regular-season,10,16,11,5,0,58,291,5.0,9,6.9,2,71,26,2.7,2,0,0,"28:16","40.5",TEN,3.50,6,13,1,1,1,2,5,39,win
"401671821",Tennessee Titans,TEN,10,home,"2024-12-08","14",regular-season,6,17,8,8,1,62,272,4.4,9,4.3,0,126,28,4.5,0,0,0,"31:44","40.5",TEN,-3.50,8,16,0,3,0,2,4,25,loss
"401671848",New York Jets,NYJ,20,away,"2024-12-08","14",regular-season,26,23,18,3,2,63,402,6.4,10,7.6,0,83,21,4.0,0,0,0,"31:02","45.5",MIA,6.50,4,12,2,2,2,5,10,83,loss
"401671848",Miami Dolphins,MIA,15,home,"2024-12-08","14",regular-season,32,28,21,3,4,66,375,5.7,10,7.0,0,44,19,2.3,0,0,0,"32:53","45.5",MIA,-6.50,1,9,2,2,3,4,8,49,win
"401671648",Atlanta Falcons,ATL,1,away,"2024-12-08","14",regular-season,21,25,15,10,0,70,496,7.1,10,8.9,2,158,32,4.9,3,1,0,"31:35","46.5",MIN,5.50,7,13,1,3,2,5,12,127,loss
"401671648",Minnesota Vikings,MIN,16,home,"2024-12-08","14",regular-season,42,23,15,5,3,56,433,7.7,11,9.9,0,115,24,4.8,0,0,0,"28:25","46.5",MIN,-5.50,8,12,0,0,4,4,6,35,win
"401671601",New Orleans Saints,NO,18,away,"2024-12-08","14",regular-season,14,18,10,7,1,66,292,4.4,14,6.1,1,92,33,2.8,1,0,0,"31:49","41.5",NO,-5.50,5,15,0,1,2,2,6,40,win
"401671601",New York Giants,NYG,19,home,"2024-12-08","14",regular-season,11,16,12,4,0,74,325,4.4,13,4.2,1,112,23,4.9,1,0,0,"28:11","41.5",NO,5.50,5,19,2,4,1,3,12,112,loss
"401671713",Carolina Panthers,CAR,29,away,"2024-12-08","14",regular-season,16,20,11,7,2,69,302,4.4,9,5.3,1,118,34,3.5,1,0,0,"33:33","44.5",PHI,13.50,7,16,3,5,2,2,7,43,loss
"401671713",Philadelphia Eagles,PHI,21,home,"2024-12-08","14",regular-season,22,18,7,11,0,56,292,5.2,9,3.3,0,209,31,6.7,0,0,0,"26:27","44.5",PHI,-13.50,7,12,0,0,3,3,7,40,win
"401671631",Cleveland Browns,CLE,5,away,"2024-12-08","14",regular-season,14,20,11,7,2,69,300,4.3,12,4.5,2,104,25,4.2,3,1,0,"30:00","42.5",PIT,6.50,2,13,3,4,1,3,9,81,loss
"401671631",Pittsburgh Steelers,PIT,23,home,"2024-12-08","14",regular-season,27,15,6,8,1,62,267,4.3,14,5.4,0,120,35,3.4,1,1,0,"30:00","42.5",PIT,-6.50,6,14,0,0,2,4,6,61,win
"401671654",Las Vegas Raiders,LV,13,away,"2024-12-08","14",regular-season,13,16,8,7,1,64,286,4.5,11,5.0,1,91,25,3.6,2,1,0,"31:30","47.5",TB,6.50,4,13,3,3,1,4,3,31,loss
"401671654",Tampa Bay Buccaneers,TB,27,home,"2024-12-08","14",regular-season,28,21,13,7,1,59,420,7.1,10,8.1,2,152,26,5.8,3,1,0,"28:30","47.5",TB,-6.50,5,12,1,1,3,3,5,31,win
"401671660",Seattle Seahawks,SEA,26,away,"2024-12-08","14",regular-season,30,18,10,8,0,61,409,6.7,11,7.8,0,176,31,5.7,0,0,0,"33:02","45.5",ARI,3.50,7,15,0,0,2,5,9,62,win
"401671660",Arizona Cardinals,ARI,22,home,"2024-12-08","14",regular-season,18,21,14,7,0,63,356,5.7,12,5.9,2,121,23,5.3,2,0,0,"26:58","45.5",ARI,-3.50,4,12,1,1,1,3,6,49,loss
"401671773",Buffalo Bills,BUF,2,away,"2024-12-08","14",regular-season,42,25,14,6,5,54,445,8.2,9,9.2,0,103,17,6.1,0,0,0,"21:30","50.5",BUF,-3.50,5,9,0,0,3,3,7,59,loss
"401671773",Los Angeles Rams,LAR,14,home,"2024-12-08","14",regular-season,44,28,15,10,3,72,457,6.3,9,10.7,0,137,42,3.3,0,0,0,"38:30","50.5",BUF,3.50,11,15,1,1,5,6,9,99,win
"401671774",Chicago Bears,CHI,3,away,"2024-12-08","14",regular-season,13,14,10,4,0,52,162,3.1,10,3.0,0,68,21,3.2,1,1,0,"28:12","43.5",SF,3.50,4,10,0,0,2,2,2,30,loss
"401671774",San Francisco 49ers,SF,25,home,"2024-12-08","14",regular-season,38,22,13,8,1,61,452,7.4,10,11.9,1,131,34,3.9,1,0,0,"31:48","43.5",SF,-3.50,6,12,2,2,5,6,7,31,win
"401671788",Los Angeles Chargers,LAC,24,away,"2024-12-09","14",regular-season,17,20,11,6,3,57,288,5.1,9,5.9,0,94,24,3.9,0,0,0,"30:53","43.5",KC,5.50,6,13,1,1,2,3,7,50,loss
"401671788",Kansas City Chiefs,KC,12,home,"2024-12-09","14",regular-season,19,20,11,7,2,65,298,4.6,9,5.1,0,96,25,3.8,0,0,0,"29:07","43.5",KC,-5.50,8,15,0,0,1,3,8,98,win
"401671690",Cincinnati Bengals,CIN,4,away,"2024-12-10","14",regular-season,27,23,18,4,1,65,433,6.7,12,7.8,1,74,19,3.9,1,0,0,"33:11","50.5",CIN,-4.50,4,10,0,1,2,4,10,77,win
"401671690",Dallas Cowboys,DAL,6,home,"2024-12-10","14",regular-season,20,17,9,7,1,59,322,5.5,10,4.9,1,156,25,6.2,2,1,0,"26:49","50.5",CIN,4.50,4,12,1,2,2,4,4,36,loss
"401671817",Minnesota Vikings,MIN,16,away,"2024-10-25","8",regular-season,20,17,14,3,0,50,276,5.5,9,7.6,0,64,22,2.9,0,0,0,"26:23","46.5",MIN,-2.50,2,7,0,0,2,4,9,50,loss
"401671817",Los Angeles Rams,LAR,14,home,"2024-10-25","8",regular-season,30,26,16,5,5,66,386,5.8,9,8.2,1,107,32,3.3,1,0,0,"33:37","46.5",MIN,2.50,4,10,1,1,3,3,6,40,win
"401671667",Philadelphia Eagles,PHI,21,away,"2024-10-27","8",regular-season,37,24,10,13,1,59,397,6.7,8,11.8,0,161,39,4.1,0,0,0,"31:48","47.5",CIN,2.50,6,11,1,1,3,5,4,40,win
"401671667",Cincinnati Bengals,CIN,4,home,"2024-10-27","8",regular-season,17,18,15,3,0,58,280,4.8,9,5.8,1,58,20,2.9,2,1,0,"28:12","47.5",CIN,-2.50,10,13,0,1,2,3,1,3,loss
"401671852",Baltimore Ravens,BAL,33,away,"2024-10-27","8",regular-season,24,22,14,5,3,62,387,6.2,11,6.4,0,124,21,5.9,0,0,0,"28:54","44.5",BAL,-7.50,2,10,0,2,3,4,7,53,loss
"401671852",Cleveland Browns,CLE,5,home,"2024-10-27","8",regular-season,29,22,16,5,1,66,401,6.1,11,7.5,0,80,23,3.5,1,1,0,"31:06","44.5",BAL,7.50,8,15,0,0,0,2,7,74,win
"401671720",Tennessee Titans,TEN,10,away,"2024-10-27","8",regular-season,14,23,12,9,2,71,416,5.9,14,6.6,2,158,32,4.9,4,2,0,"35:37","46.5",DET,12.50,3,11,1,2,2,4,8,60,loss
"401671720",Detroit Lions,DET,8,home,"2024-10-27","8",regular-season,52,17,9,5,3,47,225,4.8,13,2.7,0,164,24,6.8,0,0,1,"24:23","46.5",DET,-12.50,3,9,0,0,5,5,3,29,win
"401671850",Arizona Cardinals,ARI,22,away,"2024-10-27","8",regular-season,28,22,15,6,1,62,389,6.3,9,8.5,0,82,26,3.2,0,0,0,"29:29","46.5",MIA,4.50,7,13,0,0,2,3,4,29,win
"401671850",Miami Dolphins,MIA,15,home,"2024-10-27","8",regular-season,27,22,15,7,0,64,377,5.9,8,5.8,0,150,25,6.0,0,0,0,"30:31","46.5",MIA,-4.50,11,15,0,0,3,4,2,15,loss
"401671618",New York Jets,NYJ,20,away,"2024-10-27","8",regular-season,22,22,12,6,4,57,336,5.9,10,7.7,0,112,28,4.0,0,0,0,"29:34","41.5",NYJ,-7.50,4,10,0,0,3,5,8,55,loss
"401671618",New England Patriots,NE,17,home,"2024-10-27","8",regular-season,25,19,7,10,2,63,248,3.9,10,4.3,0,112,31,3.6,0,0,0,"30:26","41.5",NYJ,7.50,7,15,1,1,3,4,5,50,win
"401671739",Atlanta Falcons,ATL,1,away,"2024-10-27","8",regular-season,31,20,11,8,1,60,394,6.6,10,8.5,0,129,29,4.4,0,0,0,"27:26","47.5",ATL,-0.50,6,12,2,2,1,1,4,43,win
"401671739",Tampa Bay Buccaneers,TB,27,home,"2024-10-27","8",regular-season,26,24,16,8,0,72,432,6.0,11,6.6,2,102,22,4.6,3,1,0,"32:34","47.5",ATL,0.50,9,14,1,2,3,3,6,45,loss
"401671707",Green Bay Packers,GB,9,away,"2024-10-27","8",regular-season,30,22,11,8,3,67,422,6.3,13,9.0,1,170,39,4.4,1,0,0,"34:09","49.5",GB,-3.50,3,11,0,0,2,6,3,20,win
"401671707",Jacksonville Jaguars,JAX,30,home,"2024-10-27","8",regular-season,27,19,14,5,0,56,390,7.0,12,9.1,1,91,23,4.0,2,1,0,"25:51","49.5",GB,3.50,1,9,1,1,3,3,8,59,loss
"401671856",Indianapolis Colts,IND,11,away,"2024-10-27","8",regular-season,20,17,7,10,0,63,303,4.8,13,3.8,1,163,26,6.3,2,1,0,"24:40","45.5",HOU,4.50,2,13,2,2,1,2,9,57,loss
"401671856",Houston Texans,HOU,34,home,"2024-10-27","8",regular-season,23,21,15,5,1,68,363,5.3,12,6.8,0,96,29,3.3,1,1,0,"35:20","45.5",HOU,-4.50,4,13,0,0,2,6,5,30,win
"401671750",New Orleans Saints,NO,18,away,"2024-10-27","8",regular-season,8,15,9,4,2,68,366,5.4,13,5.3,0,117,21,5.6,0,0,0,"28:52","41.5",LAC,7.50,2,16,1,1,0,1,7,66,loss
"401671750",Los Angeles Chargers,LAC,24,home,"2024-10-27","8",regular-season,26,19,12,6,1,64,378,5.9,13,7.3,0,122,29,4.2,0,0,0,"31:08","41.5",LAC,-7.50,3,12,0,1,2,3,4,34,win
"401671760",Buffalo Bills,BUF,2,away,"2024-10-27","8",regular-season,31,29,12,14,3,69,445,6.4,10,8.0,1,164,34,4.8,1,0,0,"38:03","45.5",BUF,-3.50,8,15,1,1,4,6,13,85,win
"401671760",Seattle Seahawks,SEA,26,home,"2024-10-27","8",regular-season,10,17,13,2,2,47,233,5.0,9,6.7,1,32,17,1.9,2,1,0,"21:57","45.5",BUF,3.50,1,7,0,1,1,3,11,82,loss
"401671600",Carolina Panthers,CAR,29,away,"2024-10-27","8",regular-season,14,16,11,3,2,60,284,4.7,11,5.4,2,69,20,3.5,2,0,0,"26:50","40.5",DEN,12.50,5,14,1,4,2,3,8,49,loss
"401671600",Denver Broncos,DEN,7,home,"2024-10-27","8",regular-season,28,23,16,6,1,73,400,5.5,12,7.3,0,102,32,3.2,2,2,0,"33:10","40.5",DEN,-12.50,11,17,1,2,4,5,4,43,win
"401671671",Kansas City Chiefs,KC,12,away,"2024-10-27","8",regular-season,27,23,17,5,1,68,334,4.9,9,6.5,1,82,29,2.8,1,0,0,"32:30","42.5",KC,-8.50,12,16,0,0,3,4,8,55,win
"401671671",Las Vegas Raiders,LV,13,home,"2024-10-27","8",regular-season,20,15,13,1,1,56,228,4.1,9,5.6,0,33,21,1.6,1,1,0,"27:30","42.5",KC,8.50,6,13,1,2,2,4,5,32,loss
"401671599",Chicago Bears,CHI,3,away,"2024-10-27","8",regular-season,15,15,6,8,1,60,307,5.1,11,3.9,0,202,33,6.1,1,1,0,"27:44","46.5",WSH,1.50,2,12,0,1,1,2,8,60,loss
"401671599",Washington Commanders,WSH,28,home,"2024-10-27","8",regular-season,18,23,15,6,2,72,481,6.7,12,7.8,0,168,32,5.3,0,0,0,"32:16","46.5",WSH,-1.50,5,15,0,0,0,3,5,30,win
"401671795",Dallas Cowboys,DAL,6,away,"2024-10-28","8",regular-season,24,18,13,3,2,59,292,4.9,12,5.9,2,56,19,2.9,2,0,0,"26:48","47.5",SF,5.50,4,12,1,2,2,3,6,30,loss
"401671795",San Francisco 49ers,SF,25,home,"2024-10-28","8",regular-season,30,19,9,10,0,64,469,7.3,12,8.8,0,223,36,6.2,0,0,0,"33:12","47.5",SF,-5.50,8,16,0,1,3,4,9,73,win
"401671685",New York Giants,NYG,19,away,"2024-10-29","8",regular-season,18,17,10,6,1,67,394,5.9,11,5.6,1,157,25,6.3,2,1,0,"30:42","37.5",PIT,6.50,5,15,1,1,0,3,11,65,loss
"401671685",Pittsburgh Steelers,PIT,23,home,"2024-10-29","8",regular-season,26,20,12,6,2,63,426,6.8,11,8.1,0,167,31,5.4,1,1,1,"29:18","37.5",PIT,-6.50,6,13,0,0,0,4,5,50,win
"401671799",Kansas City Chiefs,KC,12,away,"2024-12-25","17",regular-season,29,20,16,4,0,58,389,6.7,10,8.4,0,69,20,3.5,0,0,0,"28:38",,,,3,10,1,1,4,5,9,90,win
"401671799",Pittsburgh Steelers,PIT,23,home,"2024-12-25","17",regular-season,10,23,9,13,1,73,364,5.0,11,3.9,1,202,31,6.5,2,1,0,"31:22",,,,8,16,0,1,1,4,4,25,loss
"401671800",Baltimore Ravens,BAL,33,away,"2024-12-25","17",regular-season,31,25,8,16,1,61,432,7.1,10,10.1,0,251,43,5.8,0,0,0,"35:21",,,,4,9,0,0,3,3,3,30,win
"401671800",Houston Texans,HOU,34,home,"2024-12-25","17",regular-season,2,10,8,1,1,54,211,3.9,11,4.1,1,58,17,3.4,1,0,0,"24:39",,,,4,15,0,2,0,2,5,49,loss
"401671876",Seattle Seahawks,SEA,26,away,"2024-12-27","17",regular-season,6,12,7,5,0,51,265,5.2,10,5.5,0,122,25,4.9,1,1,0,"29:40",,,,5,13,0,0,0,1,3,25,win
"401671876",Chicago Bears,CHI,3,home,"2024-12-27","17",regular-season,3,11,7,4,0,58,179,3.1,10,2.2,1,103,23,4.5,1,0,0,"30:20",,,,5,15,1,2,0,1,4,23,loss
"401671832",Los Angeles Chargers,LAC,24,away,"2024-12-28","17",regular-season,40,29,16,10,3,77,428,5.6,10,7.0,0,147,37,4.0,0,0,0,"40:34",,,,10,17,2,2,2,4,6,54,win
"401671832",New England Patriots,NE,17,home,"2024-12-28","17",regular-season,7,11,4,4,3,48,181,3.8,11,3.0,0,96,20,4.8,1,1,0,"19:26",,,,2,10,0,3,0,0,7,60,loss
"401671835",Denver Broncos,DEN,7,away,"2024-12-28","17",regular-season,24,19,10,9,0,60,329,5.5,10,6.2,1,123,27,4.6,1,0,0,"26:57",,,,4,12,1,1,1,2,7,35,loss
"401671835",Cincinnati Bengals,CIN,4,home,"2024-12-28","17",regular-season,30,34,23,6,5,84,499,5.9,11,6.9,0,115,28,4.1,1,1,0,"41:56",,,,7,13,1,3,4,7,3,15,win
"401671829",Arizona Cardinals,ARI,22,away,"2024-12-29","17",regular-season,9,24,16,7,1,74,396,5.4,10,5.4,2,113,22,5.1,2,0,0,"36:55",,,,6,13,0,2,1,4,9,62,loss
"401671829",Los Angeles Rams,LAR,14,home,"2024-12-29","17",regular-season,13,12,8,4,0,54,257,4.8,10,5.9,0,68,22,3.1,0,0,0,"23:05",,,,6,15,0,0,1,2,7,46,win
"401671495",New York Jets,NYJ,20,away,"2024-12-29","17",regular-season,14,20,9,9,2,57,281,4.9,10,4.7,2,112,21,5.3,3,1,0,"28:43",,,,4,9,0,1,1,2,16,120,loss
"401671495",Buffalo Bills,BUF,2,home,"2024-12-29","17",regular-season,40,23,10,7,6,62,348,5.6,11,9.0,0,97,34,2.9,0,0,0,"31:17",,,,8,14,0,1,3,3,7,60,win
"401671738",Las Vegas Raiders,LV,13,away,"2024-12-29","17",regular-season,25,22,14,7,1,74,388,5.2,11,6.4,0,156,38,4.1,0,0,0,"37:50",,,,10,18,0,0,2,4,3,20,win
"401671738",New Orleans Saints,NO,18,home,"2024-12-29","17",regular-season,10,13,8,4,1,53,269,5.1,11,4.7,2,81,13,6.2,2,0,0,"22:10",,,,1,10,1,1,0,1,10,85,loss
"401671846",Indianapolis Colts,IND,11,away,"2024-12-29","17",regular-season,33,25,16,7,2,73,446,6.1,12,8.0,2,126,33,3.8,3,1,0,"33:23",,,,7,13,1,2,3,5,3,21,loss
"401671846",New York Giants,NYG,19,home,"2024-12-29","17",regular-season,45,15,10,3,2,53,389,7.3,13,13.4,0,80,30,2.7,0,0,0,"26:37",,,,7,13,0,1,2,3,7,94,win
"401671765",Dallas Cowboys,DAL,6,away,"2024-12-29","17",regular-season,7,16,7,8,1,60,268,4.5,10,4.7,2,127,30,4.2,4,2,0,"27:11",,,,6,14,0,0,1,2,8,69,loss
"401671765",Philadelphia Eagles,PHI,21,home,"2024-12-29","17",regular-season,41,20,6,11,3,61,376,6.2,10,10.4,0,179,42,4.3,0,0,1,"32:49",,,,6,13,1,1,3,5,4,25,win
"401671653",Carolina Panthers,CAR,29,away,"2024-12-29","17",regular-season,14,13,10,2,1,46,204,4.4,10,5.0,0,39,13,3.0,0,0,0,"18:49",,,,2,9,0,1,1,1,4,30,loss
"401671653",Tampa Bay Buccaneers,TB,27,home,"2024-12-29","17",regular-season,48,33,17,14,2,74,551,7.4,9,10.3,0,202,40,5.1,0,0,1,"41:11",,,,10,14,0,0,5,8,5,40,win
"401671634",Tennessee Titans,TEN,10,away,"2024-12-29","17",regular-season,13,23,11,10,2,64,337,5.3,8,5.2,1,159,30,5.3,1,0,0,"30:40",,,,7,14,1,2,1,2,5,34,loss
"401671634",Jacksonville Jaguars,JAX,30,home,"2024-12-29","17",regular-season,20,18,9,9,0,57,295,5.2,8,7.2,0,122,33,3.7,0,0,0,"29:20",,,,8,13,0,0,2,2,7,50,win
"401671877",Miami Dolphins,MIA,15,away,"2024-12-29","17",regular-season,20,18,12,4,2,57,280,4.9,13,6.9,0,74,27,2.7,0,0,0,"30:41",,,,2,11,0,1,2,2,11,94,win
"401671877",Cleveland Browns,CLE,5,home,"2024-12-29","17",regular-season,3,18,7,8,3,76,276,3.6,12,3.4,1,114,28,4.1,2,1,0,"29:19",,,,7,17,0,4,0,3,9,84,loss
"401671725",Green Bay Packers,GB,9,away,"2024-12-29","17",regular-season,25,17,11,4,2,57,271,4.8,10,5.1,0,104,24,4.3,1,1,0,"24:30",,,,8,14,0,1,3,4,7,51,loss
"401671725",Minnesota Vikings,MIN,16,home,"2024-12-29","17",regular-season,27,26,20,4,2,70,441,6.3,11,8.5,1,69,26,2.7,1,0,0,"35:30",,,,6,12,0,0,2,4,7,47,win
"401671842",Atlanta Falcons,ATL,1,away,"2024-12-30","17",regular-season,24,23,11,8,4,60,337,5.6,9,5.7,1,126,23,5.5,1,0,0,"25:46",,,,2,10,2,2,3,3,4,25,loss
"401671842",Washington Commanders,WSH,28,home,"2024-12-30","17",regular-season,30,29,13,14,2,77,412,5.4,10,4.8,1,216,36,6.0,1,0,0,"41:32",,,,6,13,3,3,4,6,13,108,win
"401671698",Detroit Lions,DET,8,away,"2024-12-31","17",regular-season,40,23,16,7,0,69,439,6.4,10,8.0,0,152,33,4.6,0,0,0,"34:52",,,,9,14,2,3,3,4,6,57,win
"401671698",San Francisco 49ers,SF,25,home,"2024-12-31","17",regular-season,34,29,19,7,3,60,475,7.9,9,9.5,2,75,18,4.2,2,0,0,"25:08",,,,5,8,1,1,5,5,5,30,loss
"401671875",Pittsburgh Steelers,PIT,23,away,"2024-11-22","12",regular-season,19,17,10,5,2,67,368,5.5,11,7.5,0,120,34,3.5,1,1,0,"35:02","36.5",PIT,-3.50,7,16,1,3,1,2,6,39,loss
"401671875",Cleveland Browns,CLE,5,home,"2024-11-22","12",regular-season,24,17,8,8,1,55,304,5.5,10,7.8,1,85,27,3.1,3,2,0,"24:58","36.5",PIT,3.50,1,10,4,4,3,4,8,48,win
"401671870",Minnesota Vikings,MIN,16,away,"2024-11-24","12",regular-season,30,22,13,7,2,65,452,7.0,12,8.6,0,124,27,4.6,1,1,0,"33:26","39.5",MIN,-2.50,6,13,0,1,3,7,5,45,win
"401671870",Chicago Bears,CHI,3,home,"2024-11-24","12",regular-season,27,20,14,6,0,73,398,5.5,13,6.3,0,78,22,3.5,1,1,0,"34:24","39.5",MIN,2.50,6,17,2,3,3,3,7,80,loss
"401671866",Detroit Lions,DET,8,away,"2024-11-24","12",regular-season,24,26,15,10,1,72,390,5.4,10,6.5,0,137,33,4.2,0,0,0,"37:01","49.5",DET,-6.50,9,15,0,1,3,4,5,45,win
"401671866",Indianapolis Colts,IND,11,home,"2024-11-24","12",regular-season,6,11,7,3,1,49,268,5.5,10,6.1,0,96,21,4.6,0,0,0,"22:59","49.5",DET,6.50,3,12,0,1,0,2,10,75,loss
"401671847",New England Patriots,NE,17,away,"2024-11-24","12",regular-season,15,14,8,4,2,63,268,4.3,12,4.3,1,86,21,4.0,2,1,1,"27:56","45.5",MIA,7.50,3,14,1,3,0,0,10,75,loss
"401671847",Miami Dolphins,MIA,15,home,"2024-11-24","12",regular-season,34,23,19,2,2,66,373,5.7,13,7.3,0,65,24,2.7,1,1,0,"32:04","45.5",MIA,-7.50,4,12,0,0,3,4,3,17,win
"401671638",Tampa Bay Buccaneers,TB,27,away,"2024-11-24","12",regular-season,30,24,12,10,2,62,451,7.3,9,9.8,0,157,32,4.9,1,1,0,"33:59","40.5",TB,-6.50,6,11,1,2,4,5,4,29,win
"401671638",New York Giants,NYG,19,home,"2024-11-24","12",regular-season,7,17,11,5,1,56,245,4.4,10,4.7,0,76,20,3.8,1,1,0,"26:01","40.5",TB,6.50,5,11,0,2,1,3,4,42,loss
"401671715",Dallas Cowboys,DAL,6,away,"2024-11-24","12",regular-season,34,19,12,3,4,61,332,5.4,15,7.3,0,91,28,3.3,1,1,1,"35:12","44.5",WSH,10.50,2,11,0,0,2,3,4,20,win
"401671715",Washington Commanders,WSH,28,home,"2024-11-24","12",regular-season,26,19,11,8,0,67,412,6.1,16,6.4,2,145,25,5.8,3,1,0,"24:48","44.5",WSH,-10.50,4,12,0,0,2,2,8,78,loss
"401671651",Kansas City Chiefs,KC,12,away,"2024-11-24","12",regular-season,30,27,15,8,4,68,391,5.8,8,5.4,0,165,26,6.3,0,0,0,"32:16","42.5",KC,-11.50,8,13,1,1,2,5,10,91,win
"401671651",Carolina Panthers,CAR,29,home,"2024-11-24","12",regular-season,27,21,13,6,2,58,334,5.8,8,6.7,0,85,21,4.0,0,0,0,"27:44","42.5",KC,11.50,5,13,2,2,2,6,9,53,loss
"401671858",Tennessee Titans,TEN,10,away,"2024-11-24","12",regular-season,32,19,8,8,3,66,369,5.6,14,7.2,1,132,33,4.0,3,2,0,"34:29","40.5",HOU,7.50,4,14,1,1,1,1,6,35,win
"401671858",Houston Texans,HOU,34,home,"2024-11-24","12",regular-season,27,12,11,0,1,54,260,4.8,13,5.9,2,40,17,2.4,2,0,1,"25:31","40.5",HOU,-7.50,3,13,0,0,2,4,11,81,loss
"401671656",Denver Broncos,DEN,7,away,"2024-11-24","12",regular-season,29,19,13,5,1,65,325,5.0,11,6.1,0,63,22,2.9,0,0,0,"31:11","41.5",DEN,-5.50,6,15,0,0,2,4,6,58,win
"401671656",Las Vegas Raiders,LV,13,home,"2024-11-24","12",regular-season,19,21,15,4,2,74,369,5.0,12,5.2,1,69,16,4.3,2,1,0,"28:49","41.5",DEN,5.50,4,14,2,2,1,5,4,44,loss
"401671768",San Francisco 49ers,SF,25,away,"2024-11-24","12",regular-season,10,11,8,3,0,47,241,5.1,12,6.4,1,44,16,2.8,3,2,0,"23:17","44.5",GB,6.50,3,10,0,2,1,1,9,77,loss
"401671768",Green Bay Packers,GB,9,home,"2024-11-24","12",regular-season,38,22,9,12,1,67,325,4.9,11,6.2,0,169,42,4.0,0,0,0,"36:43","44.5",GB,-6.50,6,13,1,2,5,5,5,40,win
"401671775",Arizona Cardinals,ARI,22,away,"2024-11-24","12",regular-season,6,15,15,0,0,56,298,5.3,10,5.9,1,49,14,3.5,1,0,0,"26:47","46.5",ARI,-1.50,3,12,0,1,0,2,5,60,loss
"401671775",Seattle Seahawks,SEA,26,home,"2024-11-24","12",regular-season,16,17,12,4,1,61,285,4.7,10,6.1,1,65,25,2.6,1,0,1,"33:13","46.5",ARI,1.50,7,14,0,0,1,2,5,51,win
"401671794",Philadelphia Eagles,PHI,21,away,"2024-11-25","12",regular-season,37,24,10,12,2,68,481,7.1,10,7.3,0,314,45,7.0,0,0,0,"33:41","47.5",PHI,-2.50,9,15,0,1,2,5,4,52,win
"401671794",Los Angeles Rams,LAR,14,home,"2024-11-25","12",regular-season,20,23,13,8,2,59,290,4.9,10,4.8,0,92,18,5.1,1,1,0,"26:19","47.5",PHI,2.50,0,8,3,3,2,4,4,38,loss
"401671689",Baltimore Ravens,BAL,33,away,"2024-11-26","12",regular-season,30,19,6,12,1,60,389,6.5,9,7.7,0,212,37,5.7,0,0,0,"30:57","50.5",BAL,-2.50,8,15,3,3,2,2,9,102,win
"401671689",Los Angeles Chargers,LAC,24,home,"2024-11-26","12",regular-season,23,19,9,7,3,60,285,4.8,9,5.1,0,83,20,4.2,0,0,0,"29:03","50.5",BAL,2.50,5,14,2,2,2,2,7,62,loss
"401671807",Buffalo Bills,BUF,2,away,"2024-09-13","2",regular-season,31,13,5,7,1,45,247,5.5,10,7.3,0,108,26,4.2,0,0,1,"23:41",,,,3,9,1,1,2,2,1,5,win
"401671807",Miami Dolphins,MIA,15,home,"2024-09-13","2",regular-season,10,20,12,8,0,75,351,4.7,10,5.2,3,139,34,4.1,3,0,0,"36:19",,,,7,15,1,5,1,4,7,50,loss
"401671709",New Orleans Saints,NO,18,away,"2024-09-15","2",regular-season,44,24,8,15,1,56,432,7.7,10,14.2,1,190,39,4.9,1,0,0,"30:31",,,,5,8,0,0,4,5,5,40,win
"401671709",Dallas Cowboys,DAL,6,home,"2024-09-15","2",regular-season,19,20,13,5,2,66,353,5.3,10,6.3,2,68,21,3.2,2,0,0,"29:29",,,,6,13,1,3,0,3,4,26,loss
"401671721",Tampa Bay Buccaneers,TB,27,away,"2024-09-15","2",regular-season,20,14,9,3,2,47,216,4.6,11,6.1,1,70,23,3.0,1,0,0,"26:07",,,,2,10,0,0,1,2,4,35,win
"401671721",Detroit Lions,DET,8,home,"2024-09-15","2",regular-season,16,26,16,7,3,83,463,5.6,11,5.8,2,139,27,5.1,2,0,0,"33:53",,,,7,17,3,5,1,7,4,71,loss
"401671723",Indianapolis Colts,IND,11,away,"2024-09-15","2",regular-season,10,19,10,8,1,53,338,6.4,10,5.7,3,140,18,7.8,3,0,0,"19:49",,,,2,9,1,2,1,2,3,20,loss
"401671723",Green Bay Packers,GB,9,home,"2024-09-15","2",regular-season,16,19,6,13,0,67,383,5.7,10,8.7,0,261,53,4.9,1,1,0,"40:11",,,,10,17,0,0,1,3,6,50,win
"401671636",New York Jets,NYJ,20,away,"2024-09-15","2",regular-season,24,16,9,6,1,56,265,4.7,11,5.1,0,101,24,4.2,0,0,0,"30:03",,,,5,12,0,0,1,2,7,70,win
"401671636",Tennessee Titans,TEN,10,home,"2024-09-15","2",regular-season,17,20,7,9,4,60,300,5.0,11,5.3,1,130,28,4.6,2,1,0,"29:57",,,,5,12,0,1,1,4,5,45,loss
"401671645",San Francisco 49ers,SF,25,away,"2024-09-15","2",regular-season,17,24,17,5,2,67,396,5.9,10,7.0,1,102,25,4.1,2,1,0,"34:48",,,,2,10,1,3,2,4,4,30,loss
"401671645",Minnesota Vikings,MIN,16,home,"2024-09-15","2",regular-season,23,17,9,8,0,54,403,7.5,11,8.6,1,146,24,6.1,2,1,0,"25:12",,,,7,12,0,0,1,3,7,53,win
"401671702",Seattle Seahawks,SEA,26,away,"2024-09-15","2",regular-season,23,18,11,5,2,66,358,5.4,12,6.6,0,46,19,2.4,0,0,0,"29:41",,,,7,15,1,2,1,3,6,50,win
"401671702",New England Patriots,NE,17,home,"2024-09-15","2",regular-season,20,19,9,8,2,66,310,4.7,11,4.2,0,185,36,5.1,0,0,0,"35:42",,,,6,16,0,0,2,4,3,42,loss
"401671716",New York Giants,NYG,19,away,"2024-09-15","2",regular-season,18,18,11,5,2,51,304,6.0,7,6.0,0,129,22,5.9,1,1,0,"22:28",,,,4,8,1,2,3,3,5,20,loss
"401671716",Washington Commanders,WSH,28,home,"2024-09-15","2",regular-season,21,22,11,9,2,69,425,6.2,8,6.2,0,215,35,6.1,0,0,0,"37:32",,,,7,14,1,1,0,6,10,69,win
"401671652",Los Angeles Chargers,LAC,24,away,"2024-09-15","2",regular-season,26,21,8,10,3,65,349,5.4,12,6.2,1,219,44,5.0,2,1,0,"36:18",,,,9,16,0,0,1,2,3,15,win
"401671652",Carolina Panthers,CAR,29,home,"2024-09-15","2",regular-season,3,7,3,4,0,46,159,3.5,11,2.5,1,90,18,5.0,1,0,0,"23:42",,,,1,12,1,3,0,0,9,90,loss
"401671635",Cleveland Browns,CLE,5,away,"2024-09-15","2",regular-season,18,17,7,7,3,65,297,4.6,9,4.8,0,125,29,4.3,0,0,0,"34:23",,,,2,14,3,3,1,1,13,100,win
"401671635",Jacksonville Jaguars,JAX,30,home,"2024-09-15","2",regular-season,13,18,9,7,2,55,323,5.9,10,5.8,0,127,21,6.0,0,0,0,"25:37",,,,3,9,0,0,1,4,6,52,loss
"401671624",Las Vegas Raiders,LV,13,away,"2024-09-15","2",regular-season,26,18,14,1,3,60,260,4.3,12,5.4,1,27,17,1.6,1,0,0,"30:43",,,,4,12,0,1,2,3,3,15,win
"401671624",Baltimore Ravens,BAL,33,home,"2024-09-15","2",regular-season,23,21,14,5,2,63,383,6.1,12,6.4,1,151,27,5.6,1,0,0,"29:17",,,,3,11,1,1,2,3,11,109,loss
"401671754",Los Angeles Rams,LAR,14,away,"2024-09-15","2",regular-season,10,14,9,4,1,52,245,4.7,10,6.0,0,53,20,2.7,1,1,0,"23:06",,,,2,11,1,3,1,3,2,10,loss
"401671754",Arizona Cardinals,ARI,22,home,"2024-09-15","2",regular-season,41,24,9,14,1,62,489,7.9,9,11.7,0,231,40,5.8,1,1,0,"36:54",,,,7,11,0,0,3,4,5,52,win
"401671668",Pittsburgh Steelers,PIT,23,away,"2024-09-15","2",regular-season,13,16,7,4,5,58,251,4.3,11,5.0,0,141,36,3.9,0,0,0,"32:19",,,,4,13,0,0,1,2,10,78,win
"401671668",Denver Broncos,DEN,7,home,"2024-09-15","2",regular-season,6,13,8,5,0,56,295,5.3,11,6.2,2,64,19,3.4,2,0,0,"27:41",,,,2,12,1,2,0,3,9,124,loss
"401671670",Cincinnati Bengals,CIN,4,away,"2024-09-15","2",regular-season,25,18,11,6,1,61,320,5.2,10,6.3,0,74,22,3.4,1,1,0,"31:29",,,,4,13,2,2,2,4,8,79,loss
"401671670",Kansas City Chiefs,KC,12,home,"2024-09-15","2",regular-season,26,19,7,9,3,59,286,4.8,9,5.1,2,149,32,4.7,3,1,1,"28:31",,,,1,8,2,2,1,2,4,44,win
"401671786",Chicago Bears,CHI,3,away,"2024-09-16","2",regular-season,13,15,7,3,5,66,205,3.1,13,3.0,2,71,22,3.2,2,0,0,"31:13",,,,6,17,1,2,1,1,9,60,loss
"401671786",Houston Texans,HOU,34,home,"2024-09-16","2",regular-season,19,15,11,4,0,61,310,5.1,13,6.0,0,75,22,3.4,1,1,0,"28:47",,,,4,14,1,1,1,2,12,115,win
"401671691",Atlanta Falcons,ATL,1,away,"2024-09-17","2",regular-season,22,22,11,9,2,58,385,6.6,9,7.8,0,152,28,5.4,0,0,0,"24:21",,,,2,9,1,2,1,3,3,40,win
"401671691",Philadelphia Eagles,PHI,21,home,"2024-09-17","2",regular-season,21,22,12,10,0,68,365,5.4,9,5.8,1,186,37,5.0,1,0,0,"35:39",,,,6,13,2,3,2,5,9,53,loss
"401671749",Denver Broncos,DEN,7,away,"2024-12-20","16",regular-season,27,22,14,7,1,63,355,5.6,10,5.8,0,110,21,5.2,0,0,0,"32:23","41.5",LAC,2.50,5,13,2,2,3,3,7,61,loss
"401671749",Los Angeles Chargers,LAC,24,home,"2024-12-20","16",regular-season,34,23,14,7,2,61,380,6.2,11,8.0,1,117,28,4.2,1,0,0,"27:37","41.5",LAC,-2.50,6,12,0,1,3,4,2,8,win
"401671778",Pittsburgh Steelers,PIT,23,away,"2024-12-21","16",regular-season,17,19,14,5,0,60,315,5.2,11,5.5,1,117,24,4.9,2,1,0,"27:35","45.5",BAL,7.50,4,10,0,1,2,2,5,29,loss
"401671778",Baltimore Ravens,BAL,33,home,"2024-12-21","16",regular-season,34,25,12,11,2,62,418,6.7,10,8.3,1,220,38,5.8,1,0,1,"32:25","45.5",BAL,-7.50,4,10,0,0,3,5,2,10,win
"401671729",New York Giants,NYG,19,away,"2024-12-22","16",regular-season,7,14,11,3,0,55,234,4.3,11,4.5,2,45,13,3.5,3,1,0,"25:32","43.5",ATL,9.50,3,9,0,1,1,2,10,85,loss
"401671729",Atlanta Falcons,ATL,1,home,"2024-12-22","16",regular-season,34,22,10,11,1,65,329,5.1,9,7.5,1,127,38,3.3,1,0,2,"34:28","43.5",ATL,-9.50,8,14,0,0,2,4,3,30,win
"401671868",Detroit Lions,DET,8,away,"2024-12-22","16",regular-season,34,27,15,10,2,65,475,7.3,10,10.0,0,146,32,4.6,0,0,0,"31:29","47.5",DET,-6.50,7,12,0,1,2,5,7,55,win
"401671868",Chicago Bears,CHI,3,home,"2024-12-22","16",regular-season,17,19,15,2,2,59,382,6.5,9,7.7,0,59,17,3.5,2,2,0,"28:31","47.5",DET,6.50,2,10,3,4,1,3,10,70,loss
"401671811",Cleveland Browns,CLE,5,away,"2024-12-22","16",regular-season,6,18,8,7,3,63,273,4.3,10,3.2,2,148,24,6.2,3,1,0,"29:12","46.5",CIN,10.50,3,12,1,3,1,3,5,41,loss
"401671811",Cincinnati Bengals,CIN,4,home,"2024-12-22","16",regular-season,24,21,14,6,1,56,326,5.8,11,6.2,0,116,22,5.3,1,1,0,"30:48","46.5",CIN,-10.50,4,11,0,0,2,3,5,35,win
"401671862",Tennessee Titans,TEN,10,away,"2024-12-22","16",regular-season,30,18,11,4,3,57,307,5.4,13,6.9,3,65,22,3.0,3,0,0,"26:59","43.5",IND,4.50,5,11,0,0,3,3,4,35,loss
"401671862",Indianapolis Colts,IND,11,home,"2024-12-22","16",regular-season,38,19,6,12,1,62,458,7.4,12,10.3,1,335,50,6.7,1,0,0,"33:01","43.5",IND,-4.50,8,15,1,1,2,3,7,62,win
"401671621",Los Angeles Rams,LAR,14,away,"2024-12-22","16",regular-season,19,17,7,9,1,50,242,4.8,8,5.8,1,132,31,4.3,1,0,0,"27:55","46.5",LAR,-2.50,5,10,0,0,2,5,5,45,win
"401671621",New York Jets,NYJ,20,home,"2024-12-22","16",regular-season,9,17,14,3,0,63,321,5.1,7,5.7,0,75,20,3.8,2,2,0,"32:05","46.5",LAR,2.50,5,13,2,5,1,3,8,62,loss
"401671717",Philadelphia Eagles,PHI,21,away,"2024-12-22","16",regular-season,33,20,9,6,5,71,338,4.8,14,4.0,1,211,39,5.4,2,1,0,"36:18","47.5",PHI,-4.50,3,16,3,3,2,4,10,91,loss
"401671717",Washington Commanders,WSH,28,home,"2024-12-22","16",regular-season,36,23,13,7,3,64,368,5.8,13,6.4,2,113,24,4.7,5,3,0,"23:42","47.5",PHI,4.50,7,13,2,3,3,4,6,93,win
"401671732",Arizona Cardinals,ARI,22,away,"2024-12-22","16",regular-season,30,23,11,9,3,64,382,6.0,11,5.0,1,206,29,7.1,2,1,0,"33:24","47.5",ARI,-5.50,6,13,1,1,3,4,11,82,loss
"401671732",Carolina Panthers,CAR,29,home,"2024-12-22","16",regular-season,36,22,9,11,2,65,392,6.0,12,5.1,0,243,36,6.8,0,0,0,"33:18","47.5",ARI,5.50,6,14,2,2,3,4,9,64,win
"401671759",Minnesota Vikings,MIN,16,away,"2024-12-22","16",regular-season,27,19,12,5,2,62,298,4.8,13,5.7,0,81,24,3.4,0,0,0,"30:41","43.5",MIN,-2.50,3,12,1,1,2,2,7,70,win
"401671759",Seattle Seahawks,SEA,26,home,"2024-12-22","16",regular-season,24,23,17,4,2,60,361,6.0,12,6.7,2,59,15,3.9,2,0,0,"29:19","43.5",MIN,2.50,2,10,1,1,2,2,11,77,loss
"401671494",New England Patriots,NE,17,away,"2024-12-22","16",regular-season,21,28,13,8,7,68,379,5.6,10,6.7,1,126,30,4.2,3,2,0,"30:57","47.5",BUF,14.50,7,12,2,2,2,3,5,34,loss
"401671494",Buffalo Bills,BUF,2,home,"2024-12-22","16",regular-season,24,19,11,8,0,58,324,5.6,9,5.1,1,172,28,6.1,1,0,1,"29:03","47.5",BUF,-14.50,4,11,1,1,1,1,13,78,win
"401671673",Jacksonville Jaguars,JAX,30,away,"2024-12-22","16",regular-season,14,15,9,5,1,61,308,5.0,12,5.9,0,72,21,3.4,2,2,0,"25:42","41.5",LV,2.50,6,15,1,2,1,1,8,60,loss
"401671673",Las Vegas Raiders,LV,13,home,"2024-12-22","16",regular-season,19,21,13,7,1,67,314,4.7,13,6.1,0,69,27,2.6,0,0,0,"34:18","41.5",LV,-2.50,4,14,0,0,2,3,7,62,win
"401671874",San Francisco 49ers,SF,25,away,"2024-12-22","16",regular-season,17,20,16,3,1,61,374,6.1,10,6.8,1,81,18,4.5,1,0,0,"26:54","44.5",SF,-1.50,5,13,0,1,2,5,11,90,loss
"401671874",Miami Dolphins,MIA,15,home,"2024-12-22","16",regular-season,29,22,13,6,3,64,381,6.0,11,6.3,0,166,30,5.5,0,0,0,"33:06","44.5",SF,1.50,4,12,0,0,1,3,6,45,win
"401671790",Tampa Bay Buccaneers,TB,27,away,"2024-12-23","16",regular-season,24,25,14,11,0,70,410,5.9,11,5.9,1,134,23,5.8,2,1,0,"32:48","47.5",TB,-4.50,6,12,0,1,3,3,6,47,loss
"401671790",Dallas Cowboys,DAL,6,home,"2024-12-23","16",regular-season,26,15,12,2,1,56,317,5.7,12,7.9,0,31,20,1.6,0,0,0,"27:12","47.5",TB,4.50,5,15,0,0,2,2,5,30,win
"401671692",New Orleans Saints,NO,18,away,"2024-12-24","16",regular-season,0,14,9,3,2,53,196,3.7,9,3.9,1,67,20,3.4,2,1,0,"22:47","43.5",GB,14.50,4,11,0,2,0,0,7,40,loss
"401671692",Green Bay Packers,GB,9,home,"2024-12-24","16",regular-season,34,24,10,14,0,69,404,5.9,9,7.2,0,188,39,4.8,0,0,0,"37:13","43.5",GB,-14.50,6,13,3,3,4,4,6,60,win
"401671808",New England Patriots,NE,17,away,"2024-09-20","3",regular-season,3,11,6,3,2,48,139,2.9,9,1.8,0,78,15,5.2,1,1,0,"19:56",,,,2,11,3,3,0,1,5,70,loss
"401671808",New York Jets,NYJ,20,home,"2024-09-20","3",regular-season,24,27,16,9,2,70,400,5.7,8,7.2,0,133,33,4.0,0,0,0,"40:04",,,,10,15,0,0,3,4,8,106,win
"401671855",New York Giants,NYG,19,away,"2024-09-22","3",regular-season,21,21,13,7,1,69,340,4.9,14,6.2,0,112,32,3.5,2,2,0,"33:56",,,,4,14,1,1,3,4,9,68,win
"401671855",Cleveland Browns,CLE,5,home,"2024-09-22","3",regular-season,15,16,7,7,2,63,217,3.4,14,3.3,0,69,18,3.8,2,2,0,"26:04",,,,4,14,1,3,1,1,5,48,loss
"401671823",Green Bay Packers,GB,9,away,"2024-09-22","3",regular-season,30,16,6,9,1,59,378,6.4,10,8.6,0,188,37,5.1,0,0,1,"32:28",,,,5,14,0,0,1,3,10,75,win
"401671823",Tennessee Titans,TEN,10,home,"2024-09-22","3",regular-season,14,18,14,3,1,53,237,4.5,11,4.9,2,33,11,3.0,3,1,0,"27:32",,,,3,9,0,1,2,2,2,15,loss
"401671865",Chicago Bears,CHI,3,away,"2024-09-22","3",regular-season,16,26,18,4,4,84,395,4.7,12,5.9,2,63,28,2.3,3,1,0,"35:01",,,,9,21,4,5,2,3,4,25,loss
"401671865",Indianapolis Colts,IND,11,home,"2024-09-22","3",regular-season,21,15,4,9,2,54,306,5.7,12,7.4,2,150,33,4.5,2,0,0,"24:59",,,,3,12,0,1,2,3,9,78,win
"401671646",Houston Texans,HOU,34,away,"2024-09-22","3",regular-season,7,17,16,0,1,63,296,4.7,11,5.3,2,38,14,2.7,2,0,0,"30:42",,,,4,14,2,4,1,2,11,88,loss
"401671646",Minnesota Vikings,MIN,16,home,"2024-09-22","3",regular-season,34,19,12,5,2,60,274,4.6,11,4.9,0,118,28,4.2,0,0,0,"29:18",,,,6,13,1,1,4,5,5,30,win
"401671736",Philadelphia Eagles,PHI,21,away,"2024-09-22","3",regular-season,15,20,11,8,1,67,460,6.9,10,6.9,1,172,25,6.9,2,1,0,"32:15",,,,6,14,1,3,1,3,7,45,win
"401671736",New Orleans Saints,NO,18,home,"2024-09-22","3",regular-season,12,12,7,5,0,55,219,4.0,10,5.0,1,89,29,3.1,1,0,0,"27:45",,,,6,13,0,1,1,3,3,25,loss
"401671632",Los Angeles Chargers,LAC,24,away,"2024-09-22","3",regular-season,10,10,7,3,0,45,166,3.7,10,4.2,0,61,20,3.1,0,0,0,"26:09",,,,3,11,0,0,0,1,7,69,loss
"401671632",Pittsburgh Steelers,PIT,23,home,"2024-09-22","3",regular-season,20,20,9,7,4,65,346,5.3,10,6.8,1,114,31,3.7,1,0,0,"33:51",,,,7,14,0,0,1,4,3,15,win
"401671741",Denver Broncos,DEN,7,away,"2024-09-22","3",regular-season,26,18,8,10,0,64,352,5.5,10,6.0,0,136,28,4.9,1,1,0,"32:08",,,,4,13,2,3,2,4,5,51,win
"401671741",Tampa Bay Buccaneers,TB,27,home,"2024-09-22","3",regular-season,7,17,11,4,2,56,223,4.0,11,3.3,1,91,16,5.7,2,1,0,"27:52",,,,3,11,0,2,1,2,5,19,loss
"401671658",Carolina Panthers,CAR,29,away,"2024-09-22","3",regular-season,36,24,15,8,1,70,437,6.2,12,7.8,0,131,31,4.2,0,0,0,"36:02",,,,5,12,0,0,3,5,7,51,win
"401671658",Las Vegas Raiders,LV,13,home,"2024-09-22","3",regular-season,22,20,15,3,2,59,331,5.6,12,6.4,1,55,16,3.4,1,0,0,"23:58",,,,3,11,1,3,3,3,6,54,loss
"401671662",Miami Dolphins,MIA,15,away,"2024-09-22","3",regular-season,3,13,8,2,3,56,205,3.7,12,3.7,0,65,18,3.6,0,0,0,"28:32",,,,1,12,0,3,0,2,11,85,loss
"401671662",Seattle Seahawks,SEA,26,home,"2024-09-22","3",regular-season,24,21,13,7,1,60,370,6.2,12,7.3,2,100,23,4.3,2,0,0,"31:28",,,,3,11,0,0,2,2,11,92,win
"401671763",Baltimore Ravens,BAL,33,away,"2024-09-22","3",regular-season,28,24,8,16,0,60,456,7.6,11,12.1,0,274,45,6.1,0,0,0,"34:45",,,,4,9,0,0,3,3,13,105,win
"401671763",Dallas Cowboys,DAL,6,home,"2024-09-22","3",regular-season,25,26,18,2,6,70,412,5.9,11,6.7,0,51,16,3.2,1,1,0,"25:15",,,,7,13,0,1,3,4,6,44,loss
"401671772",San Francisco 49ers,SF,25,away,"2024-09-22","3",regular-season,24,25,13,8,4,65,425,6.5,9,9.3,0,137,34,4.0,1,1,0,"33:27",,,,6,11,1,1,2,3,7,111,loss
"401671772",Los Angeles Rams,LAR,14,home,"2024-09-22","3",regular-season,27,19,8,8,3,55,296,5.4,9,6.8,0,98,26,3.8,0,0,0,"26:33",,,,5,12,2,2,3,5,8,75,win
"401671771",Detroit Lions,DET,8,away,"2024-09-22","3",regular-season,20,23,11,12,0,68,373,5.5,11,7.4,1,187,43,4.3,1,0,0,"36:49",,,,6,12,0,1,2,2,9,79,win
"401671771",Arizona Cardinals,ARI,22,home,"2024-09-22","3",regular-season,13,17,10,2,5,53,277,5.2,11,5.7,1,77,18,4.3,1,0,0,"23:11",,,,1,9,0,2,1,1,4,30,loss
"401671793",Kansas City Chiefs,KC,12,away,"2024-09-23","3",regular-season,22,22,13,9,0,72,345,4.8,10,5.6,1,128,33,3.9,1,0,0,"34:57",,,,6,14,1,1,2,4,6,61,win
"401671793",Atlanta Falcons,ATL,1,home,"2024-09-23","3",regular-season,17,19,11,4,4,56,311,5.6,10,7.4,1,82,25,3.3,1,0,0,"25:03",,,,2,9,1,3,2,4,6,44,loss
"401671682",Jacksonville Jaguars,JAX,30,away,"2024-09-23","3",regular-season,10,19,10,7,2,68,239,3.5,10,2.9,1,92,17,5.4,2,1,0,"28:20",,,,2,13,4,8,1,4,7,45,loss
"401671682",Buffalo Bills,BUF,2,home,"2024-09-23","3",regular-season,47,25,15,9,1,60,388,6.5,10,8.6,0,122,29,4.2,0,0,0,"31:40",,,,6,11,2,2,4,5,6,47,win
"401671490",Washington Commanders,WSH,28,away,"2024-09-24","3",regular-season,38,22,13,8,1,57,356,6.2,8,9.9,0,108,32,3.4,0,0,0,"33:06",,,,5,9,3,3,3,3,3,28,win
"401671490",Cincinnati Bengals,CIN,4,home,"2024-09-24","3",regular-season,33,30,18,11,1,60,436,7.3,7,7.8,0,124,20,6.2,0,0,0,"26:54",,,,6,10,1,1,2,4,5,16,loss
"401671819",San Francisco 49ers,SF,25,away,"2024-10-11","6",regular-season,36,21,10,9,2,61,483,7.9,12,9.1,0,228,33,6.9,0,0,0,"33:03","48.5",SF,-3.50,5,12,0,0,3,5,5,34,win
"401671819",Seattle Seahawks,SEA,26,home,"2024-10-11","6",regular-season,24,22,18,3,1,73,358,4.9,12,5.8,2,52,20,2.6,3,1,1,"26:57","48.5",SF,3.50,7,16,2,3,2,3,9,69,loss
"401671802",Jacksonville Jaguars,JAX,30,away,"2024-10-13","6",regular-season,16,17,14,3,0,60,278,4.6,10,5.3,1,68,20,3.4,2,1,0,"29:20","44.5",JAX,-1.50,7,15,2,2,2,3,8,43,loss
"401671802",Chicago Bears,CHI,3,home,"2024-10-13","6",regular-season,35,25,14,8,3,61,373,6.1,10,6.9,1,152,29,5.2,1,0,0,"30:40","44.5",JAX,1.50,5,11,1,1,4,4,2,10,win
"401671722",Arizona Cardinals,ARI,22,away,"2024-10-13","6",regular-season,13,16,8,5,3,55,303,5.5,10,6.7,0,89,23,3.9,3,3,0,"23:25","46.5",GB,6.50,4,10,0,0,1,3,13,100,loss
"401671722",Green Bay Packers,GB,9,home,"2024-10-13","6",regular-season,34,27,15,9,3,70,437,6.2,11,8.1,1,179,38,4.7,1,0,0,"36:35","46.5",GB,-6.50,7,12,1,1,2,4,5,40,win
"401671820",Indianapolis Colts,IND,11,away,"2024-10-13","6",regular-season,20,20,11,4,5,66,269,4.1,10,5.0,1,80,28,2.9,1,0,0,"29:28","41.5",TEN,2.50,7,15,1,1,1,3,5,40,win
"401671820",Tennessee Titans,TEN,10,home,"2024-10-13","6",regular-season,17,16,7,7,2,55,241,4.4,11,3.5,1,146,28,5.2,1,0,0,"30:32","41.5",TEN,-2.50,4,11,1,1,2,2,11,113,loss
"401671619",Houston Texans,HOU,34,away,"2024-10-13","6",regular-season,41,20,13,5,2,62,368,5.9,14,5.2,1,192,28,6.9,1,0,0,"30:47","39.5",HOU,-6.50,4,11,0,0,3,3,4,38,win
"401671619",New England Patriots,NE,17,home,"2024-10-13","6",regular-season,21,17,12,3,2,63,291,4.6,14,5.6,2,82,26,3.2,4,2,0,"29:13","39.5",HOU,6.50,3,13,2,2,1,1,9,50,loss
"401671735",Tampa Bay Buccaneers,TB,27,away,"2024-10-13","6",regular-season,51,31,15,13,3,72,594,8.2,14,8.6,3,277,35,7.9,3,0,1,"34:02","42.5",TB,-3.50,6,10,0,0,4,5,12,86,win
"401671735",New Orleans Saints,NO,18,home,"2024-10-13","6",regular-season,27,19,13,3,3,66,303,4.6,14,4.9,2,81,21,3.9,3,1,1,"25:58","42.5",TB,3.50,4,13,1,1,2,4,7,70,loss
"401671714",Cleveland Browns,CLE,5,away,"2024-10-13","6",regular-season,16,14,7,6,1,53,244,4.6,8,5.1,0,100,25,4.0,0,0,1,"31:27","42.5",PHI,8.50,3,12,1,1,0,1,7,55,loss
"401671714",Philadelphia Eagles,PHI,21,home,"2024-10-13","6",regular-season,20,19,11,8,0,62,372,6.0,10,9.8,0,116,36,3.2,0,0,0,"28:33","42.5",PHI,-8.50,5,14,2,2,0,1,5,40,win
"401671625",Washington Commanders,WSH,28,away,"2024-10-13","6",regular-season,23,18,16,1,1,56,305,5.4,9,6.7,0,52,18,2.9,0,0,0,"23:52","50.5",BAL,7.50,4,12,1,1,2,3,6,46,loss
"401671625",Baltimore Ravens,BAL,33,home,"2024-10-13","6",regular-season,30,28,16,9,3,65,484,7.4,9,11.0,1,176,37,4.8,1,0,0,"36:08","50.5",BAL,-7.50,6,10,0,0,3,4,3,33,win
"401671655",Los Angeles Chargers,LAC,24,away,"2024-10-13","6",regular-season,23,22,10,10,2,75,350,4.7,11,6.0,0,128,38,3.4,0,0,0,"37:23","37.5",LAC,-2.50,11,18,0,0,1,3,3,20,win
"401671655",Denver Broncos,DEN,7,home,"2024-10-13","6",regular-season,16,17,10,7,0,53,316,6.0,10,5.9,1,110,18,6.1,2,1,0,"22:37","37.5",LAC,2.50,3,11,2,2,2,2,7,37,loss
"401671657",Pittsburgh Steelers,PIT,23,away,"2024-10-13","6",regular-season,32,18,6,10,2,62,293,4.7,11,4.1,0,183,35,5.2,0,0,0,"31:51","36.5",PIT,-3.50,4,13,1,1,2,4,7,50,win
"401671657",Las Vegas Raiders,LV,13,home,"2024-10-13","6",regular-season,13,16,11,5,0,60,275,4.6,11,5.3,1,57,19,3.0,3,2,0,"28:09","36.5",PIT,3.50,2,11,1,3,2,3,4,42,loss
"401671764",Detroit Lions,DET,8,away,"2024-10-13","6",regular-season,47,27,14,12,1,66,492,7.5,12,10.3,0,184,36,5.1,0,0,0,"34:43","52.5",DET,-3.50,4,10,1,2,3,5,8,63,win
"401671764",Dallas Cowboys,DAL,6,home,"2024-10-13","6",regular-season,9,16,10,2,4,65,251,3.9,11,4.1,3,53,17,3.1,5,2,0,"25:17","52.5",DET,3.50,3,13,1,4,0,3,4,30,loss
"401671769",Atlanta Falcons,ATL,1,away,"2024-10-13","6",regular-season,38,25,11,13,1,68,423,6.2,11,7.5,0,198,38,5.2,1,1,0,"30:40","45.5",ATL,-6.50,6,12,0,0,4,8,5,45,win
"401671769",Carolina Panthers,CAR,29,home,"2024-10-13","6",regular-season,20,21,12,8,1,62,335,5.4,10,5.8,2,114,24,4.8,2,0,0,"29:20","45.5",ATL,6.50,5,11,0,1,2,3,10,74,loss
"401671791",Cincinnati Bengals,CIN,4,away,"2024-10-14","6",regular-season,17,13,10,3,0,52,304,5.8,11,5.7,0,121,20,6.1,1,1,0,"25:53","45.5",CIN,-4.50,4,11,0,0,0,1,6,67,win
"401671791",New York Giants,NYG,19,home,"2024-10-14","6",regular-season,7,24,10,11,3,74,309,4.2,11,4.4,1,119,31,3.8,1,0,0,"34:07","45.5",CIN,4.50,5,15,3,5,1,2,2,9,loss
"401671684",Buffalo Bills,BUF,2,away,"2024-10-15","6",regular-season,23,24,10,10,4,60,359,6.0,9,7.8,0,149,33,4.5,0,0,0,"29:34","42.5",BUF,-1.50,5,11,0,0,3,4,11,94,win
"401671684",New York Jets,NYJ,20,home,"2024-10-15","6",regular-season,20,20,12,5,3,59,393,6.7,9,7.2,1,121,21,5.8,1,0,0,"30:26","42.5",BUF,1.50,4,12,0,0,1,4,11,110,loss
"401671818",Los Angeles Rams,LAR,14,away,"2024-12-13","15",regular-season,12,14,6,8,0,65,302,4.6,11,5.9,0,142,38,3.7,0,0,0,"35:04","48.5",SF,2.50,4,15,1,1,0,3,4,40,win
"401671818",San Francisco 49ers,SF,25,home,"2024-12-13","15",regular-season,6,11,7,4,0,53,191,3.6,11,3.8,1,63,19,3.3,1,0,0,"24:56","48.5",SF,-2.50,3,12,0,0,0,0,4,25,loss
"401671854",Kansas City Chiefs,KC,12,away,"2024-12-15","15",regular-season,21,18,12,6,0,75,311,4.1,15,4.5,0,132,35,3.8,0,0,0,"31:37","41.5",KC,-3.50,7,18,0,1,2,4,4,30,win
"401671854",Cleveland Browns,CLE,5,home,"2024-12-15","15",regular-season,7,16,9,5,2,60,266,4.4,14,3.3,4,139,21,6.6,6,2,0,"28:23","41.5",KC,3.50,4,12,0,1,0,0,6,45,loss
"401671825",Cincinnati Bengals,CIN,4,away,"2024-12-15","15",regular-season,37,24,12,9,3,64,370,5.8,9,7.1,2,101,26,3.9,4,2,1,"28:31","46.5",CIN,-6.50,10,13,0,0,3,5,14,113,win
"401671825",Tennessee Titans,TEN,10,home,"2024-12-15","15",regular-season,27,25,13,9,3,65,374,5.8,12,7.5,4,83,26,3.2,6,2,0,"31:29","46.5",CIN,6.50,5,8,0,0,4,4,12,110,loss
"401671737",Washington Commanders,WSH,28,away,"2024-12-15","15",regular-season,20,23,11,11,1,74,326,4.4,9,4.8,0,137,35,3.9,0,0,0,"40:50","44.5",WSH,-7.50,9,17,1,1,2,3,9,84,win
"401671737",New Orleans Saints,NO,18,home,"2024-12-15","15",regular-season,19,17,11,3,3,51,245,4.8,9,5.0,1,69,16,4.3,1,0,0,"19:10","44.5",WSH,7.50,3,11,1,1,1,2,4,36,loss
"401671639",Baltimore Ravens,BAL,33,away,"2024-12-15","15",regular-season,35,25,13,12,0,59,445,7.5,9,9.8,0,170,31,5.5,1,1,0,"28:58","43.5",BAL,-16.50,9,11,0,0,1,2,12,112,win
"401671639",New York Giants,NYG,19,home,"2024-12-15","15",regular-season,14,19,8,3,8,60,236,3.9,9,4.5,1,55,20,2.8,1,0,0,"31:02","43.5",BAL,16.50,2,12,3,5,1,2,6,44,loss
"401671731",Dallas Cowboys,DAL,6,away,"2024-12-15","15",regular-season,30,24,11,12,1,70,410,5.9,11,6.6,0,211,40,5.3,1,1,0,"33:46","41.5",CAR,2.50,6,12,0,0,3,4,14,99,win
"401671731",Carolina Panthers,CAR,29,home,"2024-12-15","15",regular-season,14,16,7,4,5,50,235,4.7,10,5.1,2,60,16,3.8,4,2,0,"26:14","41.5",CAR,-2.50,3,11,1,1,1,2,8,65,loss
"401671706",New York Jets,NYJ,20,away,"2024-12-15","15",regular-season,32,22,10,8,4,54,400,7.4,10,8.9,0,125,23,5.4,0,0,0,"25:36","41.5",NYJ,-3.50,4,10,1,1,2,3,8,62,win
"401671706",Jacksonville Jaguars,JAX,30,home,"2024-12-15","15",regular-season,25,27,13,10,4,77,421,5.5,10,5.9,2,136,29,4.7,2,0,0,"34:24","41.5",NYJ,3.50,8,15,0,0,2,4,8,106,loss
"401671860",Miami Dolphins,MIA,15,away,"2024-12-15","15",regular-season,12,18,11,3,4,62,224,3.6,10,4.0,3,52,19,2.7,4,1,0,"33:24","46.5",HOU,2.50,4,13,2,2,1,2,8,64,loss
"401671860",Houston Texans,HOU,34,home,"2024-12-15","15",regular-season,20,12,8,3,1,50,181,3.6,11,3.5,0,77,20,3.9,1,1,0,"26:36","46.5",HOU,-2.50,5,13,1,1,2,3,7,70,win
"401671669",Indianapolis Colts,IND,11,away,"2024-12-15","15",regular-season,13,18,8,7,3,72,310,4.3,15,4.0,2,149,32,4.7,5,3,0,"31:32","43.5",DEN,3.50,4,15,2,4,0,1,8,69,loss
"401671669",Denver Broncos,DEN,7,home,"2024-12-15","15",regular-season,31,13,5,5,3,61,193,3.2,15,3.6,3,72,27,2.7,3,0,1,"28:28","43.5",DEN,-3.50,6,17,0,0,2,2,6,58,win
"401671681",Buffalo Bills,BUF,2,away,"2024-12-15","15",regular-season,48,28,15,11,2,68,559,8.2,12,10.6,0,197,34,5.8,0,0,0,"32:42","55.5",DET,2.50,5,10,1,1,5,7,6,49,win
"401671681",Detroit Lions,DET,8,home,"2024-12-15","15",regular-season,42,30,27,3,0,77,521,6.8,11,7.6,0,48,15,3.2,1,1,0,"27:18","55.5",DET,-2.50,6,13,3,3,5,5,5,41,loss
"401671766",Pittsburgh Steelers,PIT,23,away,"2024-12-15","15",regular-season,13,10,5,4,1,41,163,4.0,9,4.5,0,56,17,3.3,1,1,0,"20:08","43.5",PHI,5.50,3,10,0,0,1,2,5,60,loss
"401671766",Philadelphia Eagles,PHI,21,home,"2024-12-15","15",regular-season,27,26,15,10,1,77,401,5.2,9,7.7,0,131,42,3.1,2,2,0,"39:52","43.5",PHI,-5.50,10,17,1,1,3,6,7,54,win
"401671677",New England Patriots,NE,17,away,"2024-12-15","15",regular-season,17,17,10,7,0,49,311,6.3,9,7.8,1,116,24,4.8,1,0,0,"25:52","46.5",ARI,5.50,0,6,1,2,2,3,4,45,loss
"401671677",Arizona Cardinals,ARI,22,home,"2024-12-15","15",regular-season,30,21,9,9,3,64,395,6.2,9,7.3,0,163,32,5.1,0,0,0,"34:08","46.5",ARI,-5.50,10,15,0,0,3,4,4,35,win
"401671762",Tampa Bay Buccaneers,TB,27,away,"2024-12-15","15",regular-season,40,24,12,9,3,67,506,7.6,11,10.1,1,223,39,5.7,2,1,0,"36:48","45.5",LAC,3.00,9,15,1,1,1,4,8,83,win
"401671762",Los Angeles Chargers,LAC,24,home,"2024-12-15","15",regular-season,17,14,10,1,3,48,206,4.3,11,4.7,1,32,11,2.9,2,1,0,"23:12","45.5",LAC,-3.00,0,6,0,2,2,3,7,60,loss
"401671796",Green Bay Packers,GB,9,away,"2024-12-16","15",regular-season,30,21,10,8,3,61,369,6.0,12,8.5,0,140,34,4.1,1,1,0,"32:58","48.5",GB,-2.50,5,12,0,1,2,4,5,27,win
"401671796",Seattle Seahawks,SEA,26,home,"2024-12-16","15",regular-season,13,14,7,5,2,56,208,3.7,12,3.2,2,80,16,5.0,2,0,0,"27:02","48.5",GB,2.50,4,13,0,0,0,1,5,108,loss
"401671489",Chicago Bears,CHI,3,away,"2024-12-17","15",regular-season,12,16,8,7,1,63,284,4.5,11,5.0,0,113,29,3.9,1,1,0,"30:06","43.5",MIN,6.50,1,12,1,3,1,3,9,93,loss
"401671489",Minnesota Vikings,MIN,16,home,"2024-12-17","15",regular-season,30,24,14,8,2,71,329,4.6,10,5.1,1,114,29,3.9,1,0,0,"29:54","43.5",MIN,-6.50,7,14,0,1,3,4,10,56,win
"401671697",Atlanta Falcons,ATL,1,away,"2024-12-17","15",regular-season,15,14,6,7,1,57,261,4.6,11,4.7,1,168,37,4.5,1,0,0,"33:52","43.5",ATL,-5.50,4,13,0,0,0,0,6,30,win
"401671697",Las Vegas Raiders,LV,13,home,"2024-12-17","15",regular-season,9,16,11,5,0,65,249,3.8,12,4.3,2,65,22,3.0,3,1,0,"26:08","43.5",ATL,5.50,4,14,2,2,1,1,7,55,loss
"401671810",Cincinnati Bengals,CIN,4,away,"2024-11-08","10",regular-season,34,27,21,2,4,75,470,6.3,11,7.1,0,49,16,3.1,1,1,0,"31:35","52.5",BAL,5.50,8,16,2,4,3,3,3,23,loss
"401671810",Baltimore Ravens,BAL,33,home,"2024-11-08","10",regular-season,35,20,14,5,1,58,389,6.7,12,8.8,0,99,25,4.0,0,0,0,"28:25","52.5",BAL,-5.50,7,12,0,0,4,4,11,81,win
"401671803",New York Giants,NYG,19,away,"2024-11-10","10",regular-season,17,24,12,11,1,73,342,4.7,13,4.5,2,167,34,4.9,3,1,0,"34:29","40.5",NYG,-6.50,7,15,0,0,1,3,3,15,loss
"401671803",Carolina Panthers,CAR,29,home,"2024-11-10","10",regular-season,20,15,6,8,1,58,306,5.3,13,4.5,0,188,32,5.9,1,1,0,"27:38","40.5",NYG,6.50,6,15,0,0,2,3,10,87,win
"401671873",New England Patriots,NE,17,away,"2024-11-10","10",regular-season,19,16,9,7,0,61,328,5.4,12,7.1,1,144,35,4.1,1,0,0,"32:28","37.5",CHI,6.50,5,14,1,1,1,5,7,40,win
"401671873",Chicago Bears,CHI,3,home,"2024-11-10","10",regular-season,3,11,6,4,1,59,142,2.4,11,1.8,0,73,20,3.7,0,0,0,"27:32","37.5",CHI,-6.50,1,14,2,4,0,1,5,25,loss
"401671863",Buffalo Bills,BUF,2,away,"2024-11-10","10",regular-season,30,21,11,9,1,70,415,5.9,11,7.2,2,135,31,4.4,2,0,1,"32:08","46.5",BUF,-4.50,7,14,2,3,2,4,8,54,win
"401671863",Indianapolis Colts,IND,11,home,"2024-11-10","10",regular-season,20,19,14,4,1,61,361,5.9,11,6.2,3,121,22,5.5,4,1,0,"27:52","46.5",BUF,4.50,4,11,2,3,2,4,5,25,loss
"401671637",Denver Broncos,DEN,7,away,"2024-11-10","10",regular-season,14,16,12,4,0,55,260,4.7,9,5.7,0,78,23,3.4,0,0,0,"26:39","41.5",KC,7.50,7,13,0,0,1,2,6,35,loss
"401671637",Kansas City Chiefs,KC,12,home,"2024-11-10","10",regular-season,16,19,13,4,2,65,300,4.6,8,5.3,0,57,19,3.0,0,0,0,"33:21","41.5",KC,-7.50,7,16,2,2,1,4,3,10,win
"401671733",Atlanta Falcons,ATL,1,away,"2024-11-10","10",regular-season,17,25,12,9,4,73,468,6.4,11,7.0,1,181,32,5.7,1,0,0,"35:07","47.5",ATL,-4.50,5,14,1,2,1,3,6,45,loss
"401671733",New Orleans Saints,NO,18,home,"2024-11-10","10",regular-season,20,14,8,5,1,52,365,7.0,11,10.8,0,96,27,3.6,0,0,0,"24:53","47.5",ATL,4.50,5,13,0,1,1,3,8,76,win
"401671742",San Francisco 49ers,SF,25,away,"2024-11-10","10",regular-season,23,24,17,3,4,61,413,6.8,10,8.7,0,75,22,3.4,1,1,0,"31:48","50.5",SF,-6.50,5,11,0,0,1,3,6,49,win
"401671742",Tampa Bay Buccaneers,TB,27,home,"2024-11-10","10",regular-season,20,18,8,6,4,58,215,3.7,10,3.4,0,110,27,4.1,0,0,0,"28:12","50.5",SF,6.50,5,14,1,1,2,4,5,42,loss
"401671641",Pittsburgh Steelers,PIT,23,away,"2024-11-10","10",regular-season,28,21,9,9,3,75,312,4.2,14,5.4,1,140,43,3.3,2,1,0,"36:11","45.5",WSH,1.50,7,16,1,2,3,4,5,49,win
"401671641",Washington Commanders,WSH,28,home,"2024-11-10","10",regular-season,27,19,7,9,3,59,242,4.1,12,4.9,0,60,22,2.7,1,1,0,"23:49","45.5",WSH,-1.50,5,14,0,1,3,3,5,41,loss
"401671708",Minnesota Vikings,MIN,16,away,"2024-11-10","10",regular-season,12,28,15,10,3,82,402,4.9,10,6.0,3,169,43,3.9,3,0,0,"42:19","42.5",MIN,-7.50,5,14,1,1,0,5,6,40,win
"401671708",Jacksonville Jaguars,JAX,30,home,"2024-11-10","10",regular-season,7,10,5,4,1,43,143,3.3,10,3.5,2,56,18,3.1,3,1,0,"17:41","42.5",MIN,7.50,5,11,0,0,1,1,3,25,loss
"401671751",Tennessee Titans,TEN,10,away,"2024-11-10","10",regular-season,17,19,10,8,1,51,289,5.7,9,5.2,0,132,21,6.3,0,0,0,"29:01","40.5",LAC,8.50,3,9,0,0,1,3,9,68,loss
"401671751",Los Angeles Chargers,LAC,24,home,"2024-11-10","10",regular-season,27,23,8,11,4,57,309,5.4,9,9.1,0,145,39,3.7,0,0,0,"30:59","40.5",LAC,-8.50,4,10,1,1,3,5,5,30,win
"401671676",Philadelphia Eagles,PHI,21,away,"2024-11-10","10",regular-season,34,24,9,11,4,65,348,5.4,14,6.0,1,187,38,4.9,2,1,0,"34:01","44.5",PHI,-7.50,4,11,1,1,4,5,7,49,win
"401671676",Dallas Cowboys,DAL,6,home,"2024-11-10","10",regular-season,6,11,4,5,2,56,146,2.6,13,1.5,1,97,24,4.0,5,4,0,"25:59","44.5",PHI,7.50,3,14,2,2,0,2,5,40,loss
"401671678",New York Jets,NYJ,20,away,"2024-11-10","10",regular-season,6,17,10,5,2,55,207,3.8,6,3.4,0,79,17,4.6,1,1,0,"27:18","46.5",NYJ,-1.50,6,13,1,3,0,3,3,25,loss
"401671678",Arizona Cardinals,ARI,22,home,"2024-11-10","10",regular-season,31,28,15,11,2,57,406,7.1,7,10.4,0,147,32,4.6,0,0,0,"32:42","46.5",NYJ,1.50,5,7,1,1,4,5,5,58,win
"401671787",Detroit Lions,DET,8,away,"2024-11-11","10",regular-season,26,19,11,7,1,62,345,5.6,14,8.0,5,105,32,3.3,5,0,0,"27:32","49.5",DET,-4.50,7,12,0,0,2,3,4,61,win
"401671787",Houston Texans,HOU,34,home,"2024-11-11","10",regular-season,23,16,12,3,1,65,248,3.8,13,5.2,2,56,28,2.0,2,0,0,"32:28","49.5",DET,4.50,6,15,0,0,2,4,4,30,loss
"401671693",Miami Dolphins,MIA,15,away,"2024-11-12","10",regular-season,23,15,11,3,1,53,238,4.5,11,5.5,1,67,22,3.0,2,1,0,"29:48","50.5",LAR,2.50,6,13,0,0,2,3,1,15,win
"401671693",Los Angeles Rams,LAR,14,home,"2024-11-12","10",regular-season,15,20,16,4,0,68,327,4.8,11,5.1,1,70,18,3.9,2,1,0,"30:12","50.5",LAR,-2.50,3,12,0,0,0,3,6,64,loss
"401671815",Tampa Bay Buccaneers,TB,27,away,"2024-10-04","5",regular-season,30,21,12,8,1,51,333,6.5,10,6.9,0,160,26,6.2,1,1,0,"27:38","43.5",ATL,2.50,6,11,0,0,2,3,5,47,loss
"401671815",Atlanta Falcons,ATL,1,home,"2024-10-04","5",regular-season,36,28,24,2,2,81,550,6.8,11,7.6,1,73,18,4.1,1,0,0,"33:37","43.5",ATL,-2.50,6,14,2,3,2,4,8,74,win
"401671804",New York Jets,NYJ,20,away,"2024-10-06","5",regular-season,17,17,13,2,2,71,254,3.6,13,3.8,3,36,14,2.6,3,0,0,"29:23","42.5",MIN,2.50,5,17,0,1,2,3,8,76,loss
"401671804",Minnesota Vikings,MIN,16,home,"2024-10-06","5",regular-season,23,17,8,4,5,66,253,3.8,13,4.8,1,82,30,2.7,2,1,1,"30:37","42.5",MIN,-2.50,4,13,0,1,1,1,11,80,win
"401671872",Carolina Panthers,CAR,29,away,"2024-10-06","5",regular-season,10,14,9,4,1,58,292,5.0,12,4.4,1,120,19,6.3,3,2,0,"26:12","39.5",CHI,3.50,3,12,1,3,0,2,4,18,loss
"401671872",Chicago Bears,CHI,3,home,"2024-10-06","5",regular-season,36,24,12,11,1,69,424,6.1,12,9.9,0,128,39,3.3,0,0,0,"33:48","39.5",CHI,-3.50,4,11,0,1,3,4,5,46,win
"401671626",Baltimore Ravens,BAL,33,away,"2024-10-06","5",regular-season,41,30,18,11,1,77,520,6.8,13,8.0,0,175,34,5.1,1,1,0,"33:45","47.5",BAL,-2.50,10,15,1,1,5,6,5,21,win
"401671626",Cincinnati Bengals,CIN,4,home,"2024-10-06","5",regular-season,38,23,19,3,1,65,442,6.8,12,8.8,1,71,23,3.1,1,0,0,"32:42","47.5",BAL,2.50,8,14,0,0,3,3,4,24,loss
"401671700",Miami Dolphins,MIA,15,away,"2024-10-06","5",regular-season,15,24,10,10,4,75,372,5.0,11,5.3,1,193,41,4.7,2,1,0,"34:20","36.5",MIA,-2.50,2,11,0,1,1,2,6,54,win
"401671700",New England Patriots,NE,17,home,"2024-10-06","5",regular-season,10,15,8,5,2,55,299,5.4,11,4.1,0,151,19,7.9,0,0,0,"25:40","36.5",MIA,2.50,4,13,0,1,0,2,12,105,loss
"401671718",Cleveland Browns,CLE,5,away,"2024-10-06","5",regular-season,13,12,7,4,1,59,212,3.6,13,3.0,0,104,23,4.5,1,1,0,"28:42","43.5",WSH,3.50,1,13,2,3,1,2,9,52,loss
"401671718",Washington Commanders,WSH,28,home,"2024-10-06","5",regular-season,34,19,8,10,1,65,434,6.7,12,7.1,1,215,34,6.3,2,1,0,"31:18","43.5",WSH,-3.50,8,17,2,2,3,6,5,31,win
"401671633",Indianapolis Colts,IND,11,away,"2024-10-06","5",regular-season,34,25,17,7,1,69,447,6.5,13,7.1,0,99,20,5.0,1,1,0,"31:32","44.5",JAX,3.50,7,14,1,1,3,5,5,34,loss
"401671633",Jacksonville Jaguars,JAX,30,home,"2024-10-06","5",regular-season,37,20,13,6,1,57,497,8.7,12,10.9,1,126,23,5.5,2,1,0,"28:28","44.5",JAX,-3.50,3,10,1,2,2,4,3,25,win
"401671859",Buffalo Bills,BUF,2,away,"2024-10-06","5",regular-season,20,16,5,9,2,59,276,4.7,12,4.1,0,150,28,5.4,0,0,0,"26:50","47.5",HOU,1.50,3,14,1,1,1,3,4,25,loss
"401671859",Houston Texans,HOU,34,home,"2024-10-06","5",regular-season,23,18,13,5,0,67,425,6.3,13,8.5,1,94,28,3.4,2,1,0,"33:10","47.5",HOU,-1.50,8,16,0,1,1,2,7,65,win
"401671747",Las Vegas Raiders,LV,13,away,"2024-10-06","5",regular-season,18,20,13,5,2,65,330,5.1,12,5.4,3,115,25,4.6,3,0,0,"31:23","35.5",DEN,2.50,7,15,0,1,1,2,11,79,loss
"401671747",Denver Broncos,DEN,7,home,"2024-10-06","5",regular-season,34,18,9,6,3,58,289,5.0,12,6.0,0,109,28,3.9,0,0,1,"28:37","35.5",DEN,-2.50,3,12,1,1,3,4,9,44,win
"401671756",Arizona Cardinals,ARI,22,away,"2024-10-06","5",regular-season,24,19,10,9,0,57,358,6.3,10,6.1,1,169,26,6.5,1,0,0,"27:02","48.5",SF,7.50,3,10,1,1,1,3,1,5,win
"401671756",San Francisco 49ers,SF,25,home,"2024-10-06","5",regular-season,23,22,13,9,0,63,384,6.1,9,6.2,2,153,26,5.9,3,1,1,"32:58","48.5",SF,-7.50,6,11,0,1,1,6,4,21,loss
"401671679",Green Bay Packers,GB,9,away,"2024-10-06","5",regular-season,24,19,8,9,2,58,328,5.7,11,7.2,1,126,30,4.2,1,0,0,"27:19","49.5",GB,-2.50,1,8,0,0,2,3,7,39,win
"401671679",Los Angeles Rams,LAR,14,home,"2024-10-06","5",regular-season,19,24,11,12,1,76,370,4.9,9,4.9,1,134,28,4.8,2,1,1,"32:41","49.5",GB,2.50,8,16,2,4,2,3,5,30,loss
"401671680",New York Giants,NYG,19,away,"2024-10-06","5",regular-season,29,24,14,8,2,71,420,5.9,12,6.6,0,175,34,5.1,1,1,1,"37:22","41.5",SEA,7.50,7,16,0,1,1,4,2,20,win
"401671680",Seattle Seahawks,SEA,26,home,"2024-10-06","5",regular-season,20,17,14,3,0,58,333,5.7,11,4.9,0,102,11,9.3,1,1,1,"22:38","41.5",SEA,-7.50,3,11,0,2,1,1,6,30,loss
"401671784",Dallas Cowboys,DAL,6,away,"2024-10-07","5",regular-season,20,25,14,9,2,75,445,5.9,9,7.6,2,109,31,3.5,3,1,0,"32:29","44.5",PIT,2.50,9,15,1,1,1,4,11,87,win
"401671784",Pittsburgh Steelers,PIT,23,home,"2024-10-07","5",regular-season,17,17,7,6,4,57,226,4.0,10,4.3,0,92,26,3.5,1,1,0,"27:31","44.5",PIT,-2.50,3,12,2,2,2,2,8,50,loss
"401671687",New Orleans Saints,NO,18,away,"2024-10-08","5",regular-season,13,14,11,1,2,51,220,4.3,10,4.8,1,46,15,3.1,1,0,0,"20:04","43.5",KC,5.50,4,10,0,2,1,1,5,70,loss
"401671687",Kansas City Chiefs,KC,12,home,"2024-10-08","5",regular-season,26,28,15,11,2,80,460,5.8,10,7.8,1,139,39,3.6,1,0,0,"39:56","43.5",KC,-5.50,6,14,1,1,2,7,6,55,win
"401671812",Dallas Cowboys,DAL,6,away,"2024-09-27","4",regular-season,20,14,9,5,0,51,293,5.7,9,7.6,0,80,23,3.5,0,0,0,"24:23","44.5",DAL,-5.50,3,10,1,1,1,1,11,89,win
"401671812",New York Giants,NYG,19,home,"2024-09-27","4",regular-season,15,16,12,4,0,65,303,4.7,9,6.8,1,26,24,1.1,1,0,0,"35:37","44.5",DAL,5.50,5,16,3,4,0,2,4,35,loss
"401671727",New Orleans Saints,NO,18,away,"2024-09-29","4",regular-season,24,25,11,12,2,70,366,5.2,10,6.4,1,131,33,4.0,2,1,0,"35:42","42.5",ATL,2.50,7,13,1,2,3,4,6,60,loss
"401671727",Atlanta Falcons,ATL,1,home,"2024-09-29","4",regular-season,26,14,9,4,1,51,315,6.2,9,6.3,1,88,15,5.9,1,0,2,"24:18","42.5",ATL,-2.50,4,11,0,0,0,1,9,76,win
"401671871",Los Angeles Rams,LAR,14,away,"2024-09-29","4",regular-season,18,21,11,8,2,58,322,5.6,10,6.3,1,119,26,4.6,2,1,0,"31:02","40.5",CHI,3.50,5,11,0,0,1,4,6,44,loss
"401671871",Chicago Bears,CHI,3,home,"2024-09-29","4",regular-season,24,17,7,7,3,54,264,4.9,10,5.1,0,131,28,4.7,0,0,0,"28:58","40.5",CHI,-3.50,3,9,0,0,2,4,10,84,win
"401671643",Minnesota Vikings,MIN,16,away,"2024-09-29","4",regular-season,31,22,11,8,3,64,374,5.8,15,8.5,1,120,34,3.5,3,2,0,"32:15","44.5",GB,2.50,4,11,0,1,3,5,7,55,win
"401671643",Green Bay Packers,GB,9,home,"2024-09-29","4",regular-season,29,24,19,3,2,74,465,6.3,15,6.9,3,86,19,4.5,4,1,0,"27:45","44.5",GB,-2.50,4,12,0,2,4,5,8,68,loss
"401671867",Pittsburgh Steelers,PIT,23,away,"2024-09-29","4",regular-season,24,23,11,10,2,68,404,5.9,11,7.4,0,122,30,4.1,2,2,0,"31:07","40.5",PIT,-2.50,6,13,0,2,3,4,6,53,loss
"401671867",Indianapolis Colts,IND,11,home,"2024-09-29","4",regular-season,27,22,13,7,2,64,358,5.6,11,7.0,0,133,32,4.2,0,0,0,"28:53","40.5",PIT,2.50,8,15,0,0,3,5,4,38,win
"401671622",Denver Broncos,DEN,7,away,"2024-09-29","4",regular-season,10,12,3,8,1,56,186,3.3,13,2.4,0,126,31,4.1,1,1,0,"28:16","39.5",NYJ,8.50,3,14,0,0,1,1,5,74,win
"401671622",New York Jets,NYJ,20,home,"2024-09-29","4",regular-season,9,16,10,4,2,70,248,3.5,13,3.9,0,64,23,2.8,1,1,0,"31:44","39.5",NYJ,-8.50,4,17,0,1,0,2,13,90,loss
"401671740",Philadelphia Eagles,PHI,21,away,"2024-09-29","4",regular-season,16,16,6,9,1,56,227,4.1,10,3.2,0,113,20,5.7,2,2,0,"23:43","43.5",PHI,-0.50,6,13,1,2,2,3,5,41,loss
"401671740",Tampa Bay Buccaneers,TB,27,home,"2024-09-29","4",regular-season,33,29,18,9,2,74,445,6.0,11,6.8,0,111,25,4.4,0,0,0,"36:17","43.5",PHI,0.50,6,13,1,1,4,6,3,20,win
"401671745",Cincinnati Bengals,CIN,4,away,"2024-09-29","4",regular-season,34,24,14,6,4,62,373,6.0,10,7.5,1,141,31,4.5,1,0,0,"28:58","47.5",CIN,-5.50,7,13,0,0,3,3,5,39,win
"401671745",Carolina Panthers,CAR,29,home,"2024-09-29","4",regular-season,24,24,12,10,2,70,375,5.4,11,5.4,1,155,29,5.3,1,0,0,"31:02","47.5",CIN,5.50,7,14,1,3,2,3,6,37,loss
"401671857",Jacksonville Jaguars,JAX,30,away,"2024-09-29","4",regular-season,20,17,11,5,1,58,313,5.4,12,4.6,0,158,24,6.6,0,0,0,"26:43","46.5",HOU,5.50,4,12,0,1,2,3,6,44,loss
"401671857",Houston Texans,HOU,34,home,"2024-09-29","4",regular-season,24,26,20,4,2,68,435,6.4,10,8.0,0,101,26,3.9,1,1,0,"33:17","46.5",HOU,-5.50,7,13,0,0,3,4,12,93,win
"401671755",Washington Commanders,WSH,28,away,"2024-09-29","4",regular-season,42,29,14,13,2,67,449,6.7,9,7.8,1,216,37,5.8,1,0,0,"33:22","48.5",ARI,3.50,9,12,1,1,4,5,5,49,win
"401671755",Arizona Cardinals,ARI,22,home,"2024-09-29","4",regular-season,14,17,5,12,0,58,296,5.1,9,4.4,0,181,32,5.7,1,1,0,"26:38","48.5",ARI,-3.50,4,11,2,3,2,2,4,82,loss
"401671758",New England Patriots,NE,17,away,"2024-09-29","4",regular-season,13,12,8,2,2,62,216,3.5,12,3.8,1,73,24,3.0,3,2,0,"28:25","41.5",SF,10.50,5,16,1,3,1,2,3,20,loss
"401671758",San Francisco 49ers,SF,25,home,"2024-09-29","4",regular-season,30,19,12,6,1,60,431,7.2,11,10.1,1,148,32,4.6,2,1,1,"31:35","41.5",SF,-10.50,7,13,0,0,2,4,6,43,win
"401671672",Cleveland Browns,CLE,5,away,"2024-09-29","4",regular-season,16,16,9,6,1,57,241,4.2,9,4.3,1,92,22,4.2,1,0,1,"30:42","38.5",CLE,-2.50,3,10,0,1,1,2,5,38,loss
"401671672",Las Vegas Raiders,LV,13,home,"2024-09-29","4",regular-season,20,17,7,8,2,55,268,4.9,11,4.5,0,152,29,5.2,1,1,0,"29:18","38.5",CLE,2.50,4,12,0,0,2,3,6,49,win
"401671674",Kansas City Chiefs,KC,12,away,"2024-09-29","4",regular-season,17,16,8,6,2,58,329,5.7,11,7.1,1,101,26,3.9,2,1,0,"29:08","41.5",KC,-7.50,9,16,0,0,1,2,5,40,win
"401671674",Los Angeles Chargers,LAC,24,home,"2024-09-29","4",regular-season,10,12,9,3,0,53,224,4.2,10,5.8,0,55,24,2.3,0,0,0,"30:52","41.5",KC,7.50,4,13,0,1,1,2,9,51,loss
"401671783",Buffalo Bills,BUF,2,away,"2024-09-30","4",regular-season,10,12,6,5,1,57,236,4.1,11,4.6,0,81,23,3.5,1,1,0,"28:57","47.5",BAL,2.50,3,13,1,1,1,2,4,38,loss
"401671783",Baltimore Ravens,BAL,33,home,"2024-09-30","4",regular-season,35,22,9,11,2,54,427,7.9,11,7.8,0,271,34,8.0,1,1,0,"31:03","47.5",BAL,-2.50,5,9,0,0,4,4,8,79,win
"401671683",Tennessee Titans,TEN,10,away,"2024-09-30","4",regular-season,31,16,5,8,3,62,244,3.9,13,4.6,1,142,40,3.6,1,0,0,"34:52","37.5",MIA,2.50,2,12,1,1,2,3,8,69,win
"401671683",Miami Dolphins,MIA,15,home,"2024-09-30","4",regular-season,12,13,4,6,3,54,184,3.4,13,3.3,0,106,30,3.5,1,1,0,"25:08","37.5",MIA,-2.50,2,12,1,3,1,1,10,98,loss
"401671491",Seattle Seahawks,SEA,26,away,"2024-10-01","4",regular-season,29,38,22,10,6,78,516,6.6,11,6.5,1,133,19,7.0,2,1,0,"34:04","47.5",DET,4.50,5,10,1,2,3,4,8,70,loss
"401671491",Detroit Lions,DET,8,home,"2024-10-01","4",regular-season,42,21,12,8,1,50,389,7.8,11,12.4,0,116,28,4.1,0,0,0,"25:56","47.5",DET,-4.50,3,6,0,0,5,5,12,101,win
"401671492",Chicago Bears,CHI,3,away,"2024-11-28","13",regular-season,20,17,11,3,3,59,301,5.1,10,5.1,0,78,15,5.2,0,0,0,"24:46","48.5",DET,10.00,7,15,0,2,1,1,8,78,loss
"401671492",Detroit Lions,DET,8,home,"2024-11-28","13",regular-season,23,25,12,10,3,69,405,5.9,9,5.9,0,194,33,5.9,1,1,0,"35:14","48.5",DET,-10.00,5,14,1,1,2,5,6,79,win
"401671779",New York Giants,NYG,19,away,"2024-11-28","13",regular-season,20,17,8,7,2,59,247,4.2,12,3.4,1,116,21,5.5,2,1,0,"28:24","39.5",DAL,4.50,3,12,1,1,2,2,13,98,loss
"401671779",Dallas Cowboys,DAL,6,home,"2024-11-28","13",regular-season,27,21,10,7,4,68,317,4.7,11,5.4,0,122,32,3.8,0,0,1,"31:36","39.5",DAL,-4.50,7,15,0,1,2,4,6,48,win
"401671798",Miami Dolphins,MIA,15,away,"2024-11-29","13",regular-season,17,21,20,1,0,65,375,5.8,9,6.6,0,39,14,2.8,1,1,0,"33:04","47.5",GB,3.50,4,14,3,5,2,4,10,75,loss
"401671798",Green Bay Packers,GB,9,home,"2024-11-29","13",regular-season,30,19,11,7,1,53,388,7.3,10,9.8,0,114,25,4.6,0,0,0,"26:56","47.5",GB,-3.50,5,11,0,0,3,5,7,44,win
"401671806",Las Vegas Raiders,LV,13,away,"2024-11-29","13",regular-season,17,20,13,7,0,63,434,6.9,11,8.4,0,116,25,4.6,1,1,0,"31:12","41.5",KC,13.50,3,12,0,1,0,1,9,101,loss
"401671806",Kansas City Chiefs,KC,12,home,"2024-11-29","13",regular-season,19,18,14,2,2,67,329,4.9,12,5.2,0,63,16,3.9,0,0,0,"28:48","41.5",KC,-13.50,7,16,0,0,1,5,7,40,win
"401671649",Los Angeles Chargers,LAC,24,away,"2024-12-01","13",regular-season,17,10,5,5,0,46,187,4.1,10,4.5,0,56,17,3.3,1,1,1,"24:05","47.5",LAC,-0.50,3,11,0,1,0,2,7,33,win
"401671649",Atlanta Falcons,ATL,1,home,"2024-12-01","13",regular-season,13,24,13,7,4,77,350,4.5,10,5.9,4,116,37,3.1,4,0,0,"35:55","47.5",LAC,0.50,3,14,2,4,1,4,2,10,loss
"401671627",Pittsburgh Steelers,PIT,23,away,"2024-12-01","13",regular-season,44,28,18,5,5,66,520,7.9,11,10.3,1,110,26,4.2,1,0,1,"31:09","46.5",CIN,3.50,4,9,0,0,2,4,9,103,win
"401671627",Cincinnati Bengals,CIN,4,home,"2024-12-01","13",regular-season,38,25,16,5,4,57,375,6.6,10,6.7,1,93,15,6.2,3,2,1,"28:51","46.5",CIN,-3.50,4,8,0,0,4,5,11,101,loss
"401671726",Arizona Cardinals,ARI,22,away,"2024-12-01","13",regular-season,22,25,13,10,2,77,406,5.3,10,5.5,2,154,31,5.0,2,0,0,"35:49","45.5",MIN,3.50,5,13,0,1,1,6,10,96,loss
"401671726",Minnesota Vikings,MIN,16,home,"2024-12-01","13",regular-season,23,19,13,4,2,51,273,5.4,10,5.7,0,68,15,4.5,1,1,0,"24:11","45.5",MIN,-3.50,1,8,1,1,2,4,3,56,win
"401671620",Indianapolis Colts,IND,11,away,"2024-12-01","13",regular-season,25,20,5,13,2,58,253,4.4,9,4.5,2,144,34,4.2,2,0,0,"25:48","41.5",IND,-2.50,5,11,3,3,3,4,2,15,win
"401671620",New England Patriots,NE,17,home,"2024-12-01","13",regular-season,24,23,14,9,0,65,422,6.5,9,6.5,1,200,31,6.5,1,0,0,"34:12","41.5",IND,2.50,6,11,0,0,2,6,7,88,loss
"401671703",Seattle Seahawks,SEA,26,away,"2024-12-01","13",regular-season,26,16,7,5,4,57,259,4.5,11,5.1,0,84,23,3.7,2,2,1,"31:21","41.5",NYJ,1.50,4,13,1,2,2,3,5,50,win
"401671703",New York Jets,NYJ,20,home,"2024-12-01","13",regular-season,21,17,12,3,2,62,258,4.2,12,4.1,1,89,21,4.2,2,1,1,"28:39","41.5",NYJ,-1.50,5,13,1,3,2,3,12,83,loss
"401671743",Tennessee Titans,TEN,10,away,"2024-12-01","13",regular-season,19,12,9,1,2,50,245,4.9,11,5.4,0,35,11,3.2,2,2,0,"19:47","45.5",WSH,5.50,5,12,0,1,1,2,12,93,loss
"401671743",Washington Commanders,WSH,28,home,"2024-12-01","13",regular-season,42,29,12,13,4,77,463,6.0,12,6.1,1,267,45,5.9,1,0,0,"40:13","45.5",WSH,-5.50,9,14,1,1,5,7,7,65,win
"401671705",Houston Texans,HOU,34,away,"2024-12-01","13",regular-season,23,20,10,9,1,61,326,5.3,11,6.1,0,108,25,4.3,0,0,0,"32:17","44.5",HOU,-3.50,5,13,1,1,1,3,3,15,win
"401671705",Jacksonville Jaguars,JAX,30,home,"2024-12-01","13",regular-season,20,19,13,5,1,67,373,5.6,10,6.6,1,97,25,3.9,1,0,0,"27:43","44.5",HOU,3.50,5,15,2,2,2,4,4,30,loss
"401671753",Los Angeles Rams,LAR,14,away,"2024-12-01","13",regular-season,21,22,9,12,1,55,322,5.9,9,6.4,0,156,29,5.4,0,0,0,"27:23","48.5",LAR,-2.50,4,9,1,2,3,3,3,30,win
"401671753",New Orleans Saints,NO,18,home,"2024-12-01","13",regular-season,14,19,11,7,1,68,327,4.8,8,5.0,0,143,31,4.6,0,0,0,"32:37","48.5",LAR,2.50,5,15,2,3,0,2,4,38,loss
"401671752",Tampa Bay Buccaneers,TB,27,away,"2024-12-01","13",regular-season,26,27,14,11,2,77,445,5.8,15,5.5,2,236,39,6.1,2,0,0,"39:31","46.5",TB,-6.50,2,12,1,1,2,5,7,54,win
"401671752",Carolina Panthers,CAR,29,home,"2024-12-01","13",regular-season,23,19,14,3,2,68,367,5.4,13,6.1,0,78,21,3.7,1,1,0,"27:39","46.5",TB,6.50,6,16,0,0,1,4,7,62,loss
"401671666",Philadelphia Eagles,PHI,21,away,"2024-12-01","13",regular-season,24,17,7,9,1,54,252,4.7,12,5.3,0,140,33,4.2,0,0,0,"26:09","51.5",BAL,3.50,4,12,1,1,2,3,8,55,win
"401671666",Baltimore Ravens,BAL,33,home,"2024-12-01","13",regular-season,19,24,11,10,3,71,372,5.2,11,5.3,0,166,32,5.2,0,0,0,"33:51","51.5",BAL,-3.50,6,15,1,2,2,5,4,20,loss
"401671781",San Francisco 49ers,SF,25,away,"2024-12-02","13",regular-season,10,15,4,10,1,47,239,5.1,10,4.3,0,153,27,5.7,3,3,0,"26:33","44.5",BUF,6.50,3,10,1,1,1,3,2,10,loss
"401671781",Buffalo Bills,BUF,2,home,"2024-12-02","13",regular-season,35,20,7,12,1,56,372,6.6,10,8.4,0,220,38,5.8,0,0,0,"33:27","44.5",BUF,-6.50,6,12,1,1,4,4,5,35,win
"401671686",Cleveland Browns,CLE,5,away,"2024-12-03","13",regular-season,32,28,24,3,1,84,552,6.6,15,7.8,3,77,23,3.3,3,0,0,"32:10","41.5",DEN,6.50,9,19,2,2,3,4,5,46,loss
"401671686",Denver Broncos,DEN,7,home,"2024-12-03","13",regular-season,41,19,11,5,3,61,400,6.6,14,8.4,2,106,26,4.1,2,0,2,"27:50","41.5",DEN,-6.50,6,13,0,0,2,4,4,57,win
"401671816",Denver Broncos,DEN,7,away,"2024-10-18","7",regular-season,33,22,8,13,1,61,389,6.4,11,6.3,0,225,35,6.4,1,1,1,"33:16","37.5",DEN,-2.50,4,11,0,0,2,3,7,47,win
"401671816",New Orleans Saints,NO,18,home,"2024-10-18","7",regular-season,10,15,7,6,2,66,271,4.1,12,3.9,0,97,21,4.6,2,2,0,"26:44","37.5",DEN,2.50,5,17,3,4,1,2,5,35,loss
"401671801",New England Patriots,NE,17,away,"2024-10-20","7",regular-season,16,17,13,2,2,54,295,5.5,9,6.6,0,38,15,2.5,0,0,0,"26:45","41.5",JAX,6.50,6,12,0,1,2,2,7,35,loss
"401671801",Jacksonville Jaguars,JAX,30,home,"2024-10-20","7",regular-season,32,23,9,13,1,59,364,6.2,8,9.7,0,171,39,4.4,0,0,1,"33:15","41.5",JAX,-6.50,6,10,0,1,3,5,4,24,win
"401671730",Seattle Seahawks,SEA,26,away,"2024-10-20","7",regular-season,34,20,12,5,3,56,339,6.1,9,7.9,0,103,26,4.0,0,0,1,"28:52","51.5",ATL,2.50,4,11,1,1,1,2,5,42,win
"401671730",Atlanta Falcons,ATL,1,home,"2024-10-20","7",regular-season,14,22,13,8,1,71,369,5.2,11,5.5,2,155,32,4.8,3,1,0,"31:08","51.5",ATL,-2.50,8,15,2,2,2,2,9,72,loss
"401671616",Tennessee Titans,TEN,10,away,"2024-10-20","7",regular-season,10,18,13,2,3,67,289,4.3,12,4.7,1,89,24,3.7,2,1,0,"32:46","41.5",BUF,9.50,6,16,1,2,1,3,8,52,loss
"401671616",Buffalo Bills,BUF,2,home,"2024-10-20","7",regular-season,34,18,14,3,1,54,389,7.2,11,9.3,0,74,20,3.7,0,0,0,"27:14","41.5",BUF,-9.50,3,10,0,0,4,6,5,40,win
"401671853",Cincinnati Bengals,CIN,4,away,"2024-10-20","7",regular-season,21,12,8,3,1,53,223,4.2,14,5.9,0,59,25,2.4,0,0,1,"25:31","42.5",CIN,-5.50,2,13,0,1,1,1,3,37,win
"401671853",Cleveland Browns,CLE,5,home,"2024-10-20","7",regular-season,14,18,12,5,1,77,336,4.4,14,4.6,2,77,21,3.7,2,0,0,"34:29","42.5",CIN,5.50,8,19,1,2,2,2,10,80,loss
"401671644",Houston Texans,HOU,34,away,"2024-10-20","7",regular-season,22,15,6,9,0,58,197,3.4,12,2.2,0,142,33,4.3,0,0,0,"31:17","47.5",GB,3.50,4,13,0,0,2,4,5,55,loss
"401671644",Green Bay Packers,GB,9,home,"2024-10-20","7",regular-season,24,18,12,4,2,56,277,4.9,11,5.4,2,82,20,4.1,3,1,0,"28:43","47.5",GB,-3.50,4,10,0,0,2,2,8,55,win
"401671864",Miami Dolphins,MIA,15,away,"2024-10-20","7",regular-season,10,18,8,9,1,68,337,5.0,12,5.3,0,188,40,4.7,2,2,0,"31:11","43.5",IND,3.50,6,15,0,1,1,3,6,50,loss
"401671864",Indianapolis Colts,IND,11,home,"2024-10-20","7",regular-season,16,16,6,10,0,61,284,4.7,13,5.4,0,155,37,4.2,1,1,0,"28:49","43.5",IND,-3.50,4,13,0,0,1,3,4,25,win
"401671724",Detroit Lions,DET,8,away,"2024-10-20","7",regular-season,31,19,15,3,1,56,391,7.0,11,8.5,0,144,27,5.3,1,1,0,"29:03","50.5",MIN,1.50,4,10,0,1,1,1,8,49,win
"401671724",Minnesota Vikings,MIN,16,home,"2024-10-20","7",regular-season,29,16,10,4,2,52,383,7.4,11,7.9,1,139,21,6.6,1,0,1,"30:57","50.5",MIN,-1.50,4,10,0,0,0,0,8,59,loss
"401671710",Philadelphia Eagles,PHI,21,away,"2024-10-20","7",regular-season,28,20,6,13,1,65,339,5.2,13,3.5,0,269,45,6.0,0,0,0,"35:20","42.5",PHI,-3.50,1,13,3,3,3,3,6,35,win
"401671710",New York Giants,NYG,19,home,"2024-10-20","7",regular-season,3,10,6,4,0,55,119,2.2,13,1.2,0,76,18,4.2,0,0,0,"24:40","42.5",PHI,3.50,3,14,0,0,0,1,5,35,loss
"401671663",Las Vegas Raiders,LV,13,away,"2024-10-20","7",regular-season,15,20,12,7,1,75,317,4.2,13,4.2,3,122,29,4.2,4,1,0,"33:48","43.5",LAR,7.50,3,15,1,1,0,2,10,80,loss
"401671663",Los Angeles Rams,LAR,14,home,"2024-10-20","7",regular-season,20,15,6,7,2,52,259,5.0,12,6.0,1,115,28,4.1,1,0,1,"26:12","43.5",LAR,-7.50,2,10,0,1,2,3,3,28,win
"401671640",Carolina Panthers,CAR,29,away,"2024-10-20","7",regular-season,7,10,5,5,0,43,180,4.2,10,4.3,2,95,23,4.1,2,0,0,"24:55","50.5",WSH,10.50,3,10,0,1,1,1,6,59,loss
"401671640",Washington Commanders,WSH,28,home,"2024-10-20","7",regular-season,40,26,12,10,4,63,421,6.7,9,8.0,0,214,37,5.8,0,0,1,"35:05","50.5",WSH,-10.50,5,10,0,0,3,6,8,55,win
"401671777",Kansas City Chiefs,KC,12,away,"2024-10-20","7",regular-season,28,22,11,11,0,68,329,4.8,11,5.0,2,184,39,4.7,2,0,0,"35:04","47.5",SF,2.50,8,14,1,2,4,5,4,48,win
"401671777",San Francisco 49ers,SF,25,home,"2024-10-20","7",regular-season,18,19,8,7,4,56,310,5.5,11,6.5,3,101,24,4.2,3,0,0,"24:56","47.5",SF,-2.50,2,11,1,1,2,4,6,40,loss
"401671785",New York Jets,NYJ,20,away,"2024-10-21","7",regular-season,15,17,13,3,1,55,323,5.9,12,6.7,2,54,15,3.6,2,0,0,"27:51","40.5",NYJ,-2.50,3,10,1,2,2,3,5,50,loss
"401671785",Pittsburgh Steelers,PIT,23,home,"2024-10-21","7",regular-season,37,21,12,8,1,66,409,6.2,11,8.7,0,149,36,4.1,0,0,0,"32:09","40.5",NYJ,2.50,5,14,2,2,4,6,4,36,win
"401671695",Baltimore Ravens,BAL,33,away,"2024-10-22","7",regular-season,41,22,12,7,3,54,508,9.4,10,11.0,0,244,30,8.1,1,1,0,"24:55","50.5",BAL,-4.50,3,8,1,1,4,5,9,85,win
"401671695",Tampa Bay Buccaneers,TB,27,home,"2024-10-22","7",regular-season,31,28,19,7,2,78,481,6.2,12,7.4,2,125,30,4.2,2,0,0,"35:05","50.5",BAL,4.50,11,17,1,1,3,5,8,75,loss
"401671699",Los Angeles Chargers,LAC,24,away,"2024-10-22","7",regular-season,15,20,14,5,1,64,395,6.2,8,8.0,0,59,22,2.7,2,2,0,"34:14","44.5",LAC,-1.50,6,14,1,1,0,1,5,57,loss
"401671699",Arizona Cardinals,ARI,22,home,"2024-10-22","7",regular-season,17,22,10,10,2,55,326,5.9,9,5.6,1,181,29,6.2,1,0,0,"25:46","44.5",LAC,1.50,2,7,0,1,1,2,3,15,win
"401671789",Baltimore Ravens,BAL,33,away,"2024-09-06","1",regular-season,20,25,11,13,1,74,452,6.1,10,6.4,0,185,32,5.8,1,1,0,"33:43",,,,7,14,1,2,1,4,7,64,loss
"401671789",Kansas City Chiefs,KC,12,home,"2024-09-06","1",regular-season,27,21,15,4,2,50,353,7.1,10,9.4,1,72,20,3.6,1,0,0,"26:17",,,,4,9,0,0,1,3,6,45,win
"401671805",Green Bay Packers,GB,9,away,"2024-09-07","1",regular-season,29,19,9,7,3,58,414,7.1,11,6.8,1,163,21,7.8,1,0,0,"27:13",,,,3,11,1,1,1,4,10,71,loss
"401671805",Philadelphia Eagles,PHI,21,home,"2024-09-07","1",regular-season,34,25,14,8,3,74,410,5.5,11,7.4,2,144,38,3.8,3,1,0,"32:47",,,,4,14,1,1,3,6,7,57,win
"401671744",Pittsburgh Steelers,PIT,23,away,"2024-09-08","1",regular-season,18,16,6,9,1,66,270,4.1,10,5.3,0,137,41,3.3,0,0,0,"35:36",,,,8,17,0,1,0,2,9,60,win
"401671744",Atlanta Falcons,ATL,1,home,"2024-09-08","1",regular-season,10,15,8,6,1,50,226,4.5,10,4.9,2,89,22,4.0,3,1,0,"24:24",,,,2,9,1,1,1,2,5,34,loss
"401671617",Arizona Cardinals,ARI,22,away,"2024-09-08","1",regular-season,28,18,10,7,1,60,270,4.5,10,4.2,0,124,25,5.0,1,1,1,"29:30",,,,7,13,0,1,2,4,5,31,loss
"401671617",Buffalo Bills,BUF,2,home,"2024-09-08","1",regular-season,34,23,11,8,4,58,352,6.1,10,8.9,0,130,33,3.9,1,1,0,"30:30",,,,3,9,2,2,4,6,9,65,win
"401671719",Tennessee Titans,TEN,10,away,"2024-09-08","1",regular-season,17,16,6,9,1,61,244,4.0,13,3.0,2,140,26,5.4,3,1,0,"34:54",,,,3,14,1,2,1,2,8,50,loss
"401671719",Chicago Bears,CHI,3,home,"2024-09-08","1",regular-season,24,11,5,6,0,53,148,2.8,10,2.1,0,84,22,3.8,1,1,2,"25:06",,,,2,13,2,2,0,1,7,55,win
"401671628",New England Patriots,NE,17,away,"2024-09-08","1",regular-season,16,17,6,11,0,64,290,4.5,10,4.8,0,170,39,4.4,0,0,0,"34:03",,,,6,15,0,0,1,4,5,40,win
"401671628",Cincinnati Bengals,CIN,4,home,"2024-09-08","1",regular-season,10,13,7,5,1,48,224,4.7,8,4.8,0,70,16,4.4,2,2,0,"25:57",,,,4,11,0,1,1,2,2,10,loss
"401671861",Houston Texans,HOU,34,away,"2024-09-08","1",regular-season,29,26,13,11,2,76,417,5.5,10,5.7,0,213,40,5.3,0,0,0,"40:00",,,,7,14,2,2,3,3,5,30,win
"401671861",Indianapolis Colts,IND,11,home,"2024-09-08","1",regular-season,27,14,4,9,1,43,303,7.0,9,9.5,1,104,22,4.7,1,0,0,"20:00",,,,5,10,1,2,2,3,4,20,loss
"401671849",Jacksonville Jaguars,JAX,30,away,"2024-09-08","1",regular-season,17,17,8,7,2,50,267,5.3,11,5.8,0,128,26,4.9,1,1,0,"26:50",,,,2,10,0,1,2,3,8,71,loss
"401671849",Miami Dolphins,MIA,15,home,"2024-09-08","1",regular-season,20,18,11,5,2,65,400,6.2,11,8.0,0,81,25,3.2,0,0,0,"33:10",,,,8,16,0,2,1,2,9,103,win
"401671734",Carolina Panthers,CAR,29,away,"2024-09-08","1",regular-season,10,11,7,2,2,55,193,3.5,13,3.9,2,58,20,2.9,3,1,0,"23:21",,,,1,10,1,3,1,2,6,80,loss
"401671734",New Orleans Saints,NO,18,home,"2024-09-08","1",regular-season,47,22,7,13,2,62,379,6.1,11,8.0,0,180,37,4.9,1,1,0,"36:39",,,,7,13,0,0,4,4,10,95,win
"401671712",Minnesota Vikings,MIN,16,away,"2024-09-08","1",regular-season,28,17,8,7,2,51,312,6.1,10,8.0,1,111,26,4.3,2,1,1,"27:34",,,,3,10,1,1,2,2,7,63,win
"401671712",New York Giants,NYG,19,home,"2024-09-08","1",regular-season,6,14,8,5,1,68,240,3.5,11,3.5,2,74,21,3.5,2,0,0,"32:26",,,,7,18,1,3,0,3,9,95,loss
"401671659",Las Vegas Raiders,LV,13,away,"2024-09-08","1",regular-season,10,14,12,1,1,59,296,5.0,13,6.1,1,71,22,3.2,3,2,0,"31:44",,,,5,14,0,1,0,1,2,15,loss
"401671659",Los Angeles Chargers,LAC,24,home,"2024-09-08","1",regular-season,22,11,6,5,0,54,316,5.9,13,5.2,0,176,27,6.5,0,0,0,"28:16",,,,4,15,0,0,2,4,7,50,win
"401671664",Denver Broncos,DEN,7,away,"2024-09-08","1",regular-season,20,13,6,7,0,69,231,3.3,15,3.0,2,99,25,4.0,3,1,0,"31:14",,,,5,18,1,1,1,4,8,60,loss
"401671664",Seattle Seahawks,SEA,26,home,"2024-09-08","1",regular-season,26,19,11,5,3,60,304,5.1,15,5.9,1,146,33,4.4,2,1,0,"28:46",,,,4,12,0,0,0,1,6,41,win
"401671761",Dallas Cowboys,DAL,6,away,"2024-09-08","1",regular-season,33,15,8,7,0,60,265,4.4,14,4.7,0,102,25,4.1,0,0,1,"29:06",,,,4,14,0,0,1,1,11,85,win
"401671761",Cleveland Browns,CLE,5,home,"2024-09-08","1",regular-season,17,15,8,5,2,70,230,3.3,14,2.7,2,93,19,4.9,2,0,0,"30:54",,,,2,15,3,5,2,2,11,64,loss
"401671770",Washington Commanders,WSH,28,away,"2024-09-08","1",regular-season,20,22,7,12,3,56,299,5.3,9,6.2,0,138,30,4.6,0,0,0,"26:19",,,,2,8,1,1,3,3,7,51,loss
"401671770",Tampa Bay Buccaneers,TB,27,home,"2024-09-08","1",regular-season,37,22,15,4,3,61,392,6.4,9,9.0,0,112,30,3.7,0,0,0,"33:41",,,,9,13,0,0,3,5,7,46,win
"401671792",Los Angeles Rams,LAR,14,away,"2024-09-09","1",regular-season,20,26,15,8,3,74,387,5.2,10,6.0,1,83,23,3.6,1,0,0,"34:56",,,,5,12,1,2,2,5,6,50,loss
"401671792",Detroit Lions,DET,8,home,"2024-09-09","1",regular-season,26,21,7,12,2,61,363,6.0,11,6.7,1,163,31,5.3,1,0,0,"29:45",,,,6,13,1,1,2,4,6,56,win
"401671696",New York Jets,NYJ,20,away,"2024-09-10","1",regular-season,19,14,11,3,0,49,266,5.4,10,6.6,1,68,19,3.6,2,1,0,"21:20",,,,6,10,0,1,2,2,3,10,loss
"401671696",San Francisco 49ers,SF,25,home,"2024-09-10","1",regular-season,32,24,12,10,2,70,401,5.7,10,6.9,0,180,38,4.7,0,0,0,"38:40",,,,6,13,0,0,2,5,4,40,win
