"name","id","team","position","height","weight","age","college","jersey","experience"
Budda Baker,"3127287",Arizona Cardinals,S,70,195,29,Washington,"3",8
Joey Blount,"4240824",Arizona Cardinals,S,73,201,26,Virginia,"32",3
Ekow Boye-Doe,"4373061",Arizona Cardinals,CB,72,177,25,Kansas State,na,2
Elliott Brown,"4240826",Arizona Cardinals,LB,76,225,,Virginia,na,0
Baron Browning,"4241987",Arizona Cardinals,LB,75,240,26,Ohio State,"53",4
Calais Campbell,"11284",Arizona Cardinals,DT,80,282,38,Miami,"93",18
Kei'Trel Clark,"4426923",Arizona Cardinals,CB,70,181,24,Louisville,"13",2
L.J. Collier,"3116449",Arizona Cardinals,DE,74,291,29,TCU,"91",6
Zaven Collins,"4244606",Arizona Cardinals,LB,76,260,25,Tulsa,"25",4
Jaden Davis,"4426435",Arizona Cardinals,CB,70,182,24,Miami,"39",0
Akeem Davis-Gaither,"3917142",Arizona Cardinals,LB,74,228,27,App State,na,5
Milo Eifler,"4371940",Arizona Cardinals,LB,74,225,27,Illinois,"48",2
Anthony Goodlow,"4372378",Arizona Cardinals,DE,77,283,24,Oklahoma State,"97",0
Darren Hall,"4261606",Arizona Cardinals,CB,72,190,24,San Diego State,"30",3
Elijah Jones,"4360203",Arizona Cardinals,CB,74,184,25,Boston College,"28",0
Jaylon Jones,"4047655",Arizona Cardinals,CB,71,190,27,Ole Miss,na,3
Justin Jones,"3116746",Arizona Cardinals,DT,75,309,28,NC State,"93",7
Vi Jones,"4259636",Arizona Cardinals,LB,74,225,26,NC State,"27",2
Max Melton,"4698113",Arizona Cardinals,CB,71,193,22,Rutgers,"16",0
Sean Murphy-Bunting,"3932886",Arizona Cardinals,CB,72,195,27,Central Michigan,"23",6
PJ Mustipher,"4361421",Arizona Cardinals,DT,76,318,25,Penn State,"94",1
Bilal Nichols,"3117922",Arizona Cardinals,DT,76,313,28,Delaware,"92",7
BJ Ojulari,"4429111",Arizona Cardinals,LB,74,256,22,LSU,"9",2
Owen Pappoe,"4567219",Arizona Cardinals,LB,72,225,24,Auburn,"44",2
Darius Robinson,"4569480",Arizona Cardinals,DE,77,286,23,Missouri,"56",0
Jammie Robinson,"4430411",Arizona Cardinals,S,71,190,24,Florida State,"26",2
Ben Stille,"4034861",Arizona Cardinals,DE,76,296,27,Nebraska,"90",2
Dante Stills,"4362225",Arizona Cardinals,DT,76,286,25,West Virginia,"55",2
Josh Sweat,"3693166",Arizona Cardinals,LB,77,265,28,Florida State,na,7
Dadrion Taylor-Demerson,"4428633",Arizona Cardinals,S,70,189,24,Texas Tech,"42",0
Xavier Thomas,"4360304",Arizona Cardinals,LB,74,244,25,Clemson,"54",0
Starling Thomas V,"4363408",Arizona Cardinals,CB,70,194,25,UAB,"24",2
Jalen Thompson,"4043089",Arizona Cardinals,S,71,190,26,Washington State,"34",6
Dalvin Tomlinson,"2979860",Arizona Cardinals,DT,75,325,31,Alabama,na,8
Mykal Walker,"4243009",Arizona Cardinals,LB,75,230,27,Fresno State,na,5
Benton Whitley,"4247722",Arizona Cardinals,LB,76,260,26,Holy Cross,"49",3
Garrett Williams,"4568506",Arizona Cardinals,CB,70,192,23,Syracuse,"21",2
Mack Wilson Sr.,"4040983",Arizona Cardinals,LB,73,246,27,Alabama,"2",6
Junior Aho,"4689551",Atlanta Falcons,DT,76,272,26,SMU,"79",1
Troy Andersen,"4247807",Atlanta Falcons,LB,76,239,25,Montana State,"44",3
Jessie Bates III,"3919512",Atlanta Falcons,S,73,200,28,Wake Forest,"3",7
JD Bertrand,"4428872",Atlanta Falcons,LB,73,233,24,Notre Dame,"40",0
Natrone Brooks,"4689989",Atlanta Falcons,CB,71,175,25,Southern Miss,"35",1
Divine Deablo,"4037626",Atlanta Falcons,LB,75,223,26,Virginia Tech,na,4
Brandon Dorlus,"4427090",Atlanta Falcons,DT,75,290,24,Oregon,"54",0
Arnold Ebiketie,"4257591",Atlanta Falcons,LB,74,250,26,Penn State,"17",3
Kaden Elliss,"3124890",Atlanta Falcons,LB,74,238,29,Idaho,"55",6
Leonard Floyd,"3043136",Atlanta Falcons,DE,75,240,32,Georgia,na,10
Mike Ford Jr.,"3050916",Atlanta Falcons,CB,72,195,29,Southeast Missouri S,na,7
Morgan Fox,"3059620",Atlanta Falcons,DE,75,275,30,Colorado State-Puebl,na,8
Jordan Fuller,"4040613",Atlanta Falcons,S,74,203,27,Ohio State,na,5
Ta'Quon Graham,"4262197",Atlanta Falcons,DT,76,307,26,Texas,"95",4
Zach Harrison,"4426412",Atlanta Falcons,DE,77,274,23,Ohio State,"96",2
DeMarcco Hellams,"4567111",Atlanta Falcons,S,73,203,24,Alabama,"23",2
Mike Hughes,"3895841",Atlanta Falcons,CB,70,191,28,UCF,"21",7
Lamar Jackson,"4034849",Atlanta Falcons,CB,74,208,26,Nebraska,"38",3
Khalid Kareem,"4039029",Atlanta Falcons,LB,76,268,26,Notre Dame,"92",4
LaCale London,"4376288",Atlanta Falcons,DE,75,330,27,Western Illinois,"94",2
DeAngelo Malone,"4243457",Atlanta Falcons,LB,75,246,25,Western Kentucky,"51",3
David Onyemata,"4002046",Atlanta Falcons,DT,76,300,32,Manitoba,"90",9
Ruke Orhorhoro,"4430271",Atlanta Falcons,DT,76,294,23,Clemson,"98",0
Clark Phillips III,"4429067",Atlanta Falcons,CB,69,184,23,Utah,"22",2
Benny Sapp III,"4360944",Atlanta Falcons,S,71,200,24,Northern Iowa,"48",2
Kentavius Street,"3116726",Atlanta Falcons,DT,74,287,28,NC State,"93",6
Keith Taylor Jr.,"4243332",Atlanta Falcons,CB,75,195,25,Washington,na,3
A.J. Terrell,"4239995",Atlanta Falcons,CB,73,194,26,Clemson,"24",5
Bralen Trice,"4428713",Atlanta Falcons,LB,75,245,24,Washington,"48",0
Josh Woods,"3128303",Atlanta Falcons,LB,73,240,28,Maryland,"42",6
Jalyn Armour-Davis,"4372017",Baltimore Ravens,CB,73,197,25,Alabama,"5",3
Chidobe Awuzie,"3052101",Baltimore Ravens,CB,72,202,29,Colorado,na,8
Beau Brade,"4429291",Baltimore Ravens,S,72,209,23,Maryland,"24",0
Kyle Hamilton,"4575517",Baltimore Ravens,S,76,224,24,Notre Dame,"14",3
Malik Hamm,"4369994",Baltimore Ravens,LB,75,250,24,Lafayette,"59",2
Jacob Hummel,"4241250",Baltimore Ravens,LB,73,227,26,Iowa State,na,3
Marlon Humphrey,"3126356",Baltimore Ravens,CB,72,203,28,Alabama,"44",8
Adisa Isaac,"4426372",Baltimore Ravens,LB,76,253,23,Penn State,"50",0
Travis Jones,"4362139",Baltimore Ravens,DT,76,338,25,UConn,"98",3
Sanoussi Kane,"4430118",Baltimore Ravens,S,71,210,23,Purdue,"28",0
William Kwenkeu,"4044132",Baltimore Ravens,LB,73,235,28,Temple,"57",3
Nnamdi Madubuike,"4035245",Baltimore Ravens,DT,75,305,27,Texas A&M,"92",5
Adedayo Odeleye,"5066095",Baltimore Ravens,DE,77,271,27,na,"94",1
David Ojabo,"4426507",Baltimore Ravens,LB,76,252,24,Michigan,"90",3
CJ Okoye,"5144942",Baltimore Ravens,DT,78,315,23,na,na,1
Odafe Oweh,"4361422",Baltimore Ravens,LB,77,255,26,Penn State,"99",4
C.J. Ravenell,"4700676",Baltimore Ravens,DE,77,292,24,Mo Western,"68",0
Tavius Robinson,"4690179",Baltimore Ravens,LB,78,262,26,Ole Miss,"95",2
Deadrin Senat,"3051376",Baltimore Ravens,DT,72,328,30,South Florida,"93",6
Trenton Simpson,"4430831",Baltimore Ravens,LB,74,235,23,Clemson,"23",2
Roquan Smith,"3915189",Baltimore Ravens,LB,73,230,27,Georgia,"0",7
T.J. Tampa,"4575483",Baltimore Ravens,CB,73,194,23,Iowa State,"27",0
Kyle Van Noy,"16772",Baltimore Ravens,LB,75,255,34,BYU,"53",11
Ar'Darius Washington,"4362492",Baltimore Ravens,S,68,180,25,TCU,"29",3
Broderick Washington,"3915837",Baltimore Ravens,DT,74,315,28,Texas Tech,"96",5
Nate Wiggins,"4601278",Baltimore Ravens,CB,73,182,21,Clemson,"2",0
Joe Andreessen,"4366349",Buffalo Bills,LB,73,232,25,Buffalo,"44",0
Christian Benford,"4379778",Buffalo Bills,CB,73,205,24,Villanova,"47",3
Terrel Bernard,"4259166",Buffalo Bills,LB,73,224,25,Baylor,"43",3
Cole Bishop,"4676004",Buffalo Bills,S,74,207,22,Utah,"24",0
Joey Bosa,"3051389",Buffalo Bills,LB,77,280,29,Ohio State,na,9
DeWayne Carter,"4426883",Buffalo Bills,DT,75,305,24,Duke,"90",0
Brandon Codrington,"4576069",Buffalo Bills,CB,69,185,24,North Carolina Centr,"29",0
Te'Cory Couch,"4427348",Buffalo Bills,CB,70,175,25,Miami,"33",0
Branson Deen,"4372499",Buffalo Bills,DT,74,280,25,Miami,"53",0
AJ Epenesa,"4240585",Buffalo Bills,DE,78,260,26,Iowa,"57",5
Darrick Forrest,"4239088",Buffalo Bills,S,71,200,25,Cincinnati,na,4
Damar Hamlin,"4036060",Buffalo Bills,S,72,200,27,Pittsburgh,"3",4
Daequan Hardy,"4429743",Buffalo Bills,CB,69,178,23,Penn State,"25",0
Michael Hoecht,"4033234",Buffalo Bills,LB,76,267,27,Brown,na,4
Ja'Marcus Ingram,"4240059",Buffalo Bills,CB,74,190,27,Buffalo,"46",1
Dane Jackson,"3895791",Buffalo Bills,CB,71,180,28,Pittsburgh,na,5
Taron Johnson,"3121003",Buffalo Bills,CB,71,192,28,Weber State,"7",7
DaQuan Jones,"16910",Buffalo Bills,DT,76,320,33,Penn State,"92",11
Cam Lewis,"3916577",Buffalo Bills,CB,69,183,27,Buffalo,"39",5
Zion Logue,"4427826",Buffalo Bills,DT,78,314,22,Georgia,"93",0
Matt Milano,"3046287",Buffalo Bills,LB,72,223,30,Boston College,"58",8
Larry Ogunjobi,"3050122",Buffalo Bills,DT,75,305,30,Charlotte,na,8
Ed Oliver,"4039303",Buffalo Bills,DT,73,287,27,Houston,"91",6
Taylor Rapp,"4039007",Buffalo Bills,S,72,208,27,Washington,"9",6
Greg Rousseau,"4362506",Buffalo Bills,DE,78,266,24,Miami,"50",4
Javon Solomon,"4428548",Buffalo Bills,DE,73,247,24,Troy,"56",0
Baylon Spector,"4239997",Buffalo Bills,LB,72,233,26,Clemson,"54",3
Edefuan Ulofoshio,"4374280",Buffalo Bills,LB,73,239,25,Washington,"48",0
Dorian Williams,"4568624",Buffalo Bills,LB,74,230,23,Tulane,"42",2
Popo Aumavae,"4242498",Carolina Panthers,DT,75,315,26,Oregon,"78",0
Amare Barno,"4568439",Carolina Panthers,LB,78,245,25,Virginia Tech,"38",3
Shemar Bartholomew,"4371336",Carolina Panthers,CB,73,200,24,Georgia Southern,"27",0
Boogie Basham,"4037239",Carolina Panthers,DE,75,274,27,Wake Forest,na,4
Derrick Brown,"4035495",Carolina Panthers,DE,77,320,26,Auburn,"95",5
Bobby Brown III,"4372518",Carolina Panthers,DT,76,324,24,Texas A&M,na,4
Claudin Cherelus,"4256224",Carolina Panthers,LB,74,230,26,Alcorn State,"53",2
Jerrod Clark,"4361049",Carolina Panthers,DT,75,334,25,Coastal Carolina,na,1
Jadeveon Clowney,"16734",Carolina Panthers,LB,77,266,32,South Carolina,"7",11
Jaden Crumedy,"4362910",Carolina Panthers,DT,76,309,24,Mississippi State,"96",0
Kenny Dyson Jr.,"4574008",Carolina Panthers,LB,75,235,23,Bryant,"55",0
Akayleb Evans,"4244607",Carolina Panthers,CB,74,198,25,Missouri,"29",3
Sam Franklin Jr.,"4044133",Carolina Panthers,S,75,210,29,Temple,"42",5
Jaycee Horn,"4362847",Carolina Panthers,CB,73,200,25,South Carolina,"8",4
Thomas Incoom,"4714157",Carolina Panthers,LB,74,265,26,Central Michigan,"48",2
Michael Jackson,"3917853",Carolina Panthers,CB,73,210,28,Miami,"2",4
Josey Jewell,"3040150",Carolina Panthers,LB,73,236,30,Iowa,"47",7
DJ Johnson,"4240623",Carolina Panthers,LB,76,260,26,Oregon,"52",2
Pat Jones II,"4036063",Carolina Panthers,LB,76,264,26,Pittsburgh,na,4
Tre'von Moehrig,"4362487",Carolina Panthers,S,74,202,25,TCU,"7",4
LaBryan Ray,"4241473",Carolina Panthers,DE,76,290,27,Alabama,"93",2
Jon Rhattigan,"4258485",Carolina Panthers,LB,72,236,26,Army,"49",4
Demani Richardson,"4426926",Carolina Panthers,S,73,215,24,Texas A&M,"36",0
Sam Roberts,"4077786",Carolina Panthers,DT,77,295,26,NW Mo St,"74",3
A'Shawn Robinson,"3054857",Carolina Panthers,DE,75,320,30,Alabama,"94",9
Christian Rozeboom,"3909013",Carolina Panthers,LB,74,237,28,South Dakota State,na,4
Nick Scott,"3116179",Carolina Panthers,S,71,200,29,Penn State,"21",6
Chau Smith-Wade,"4697636",Carolina Panthers,CB,71,176,22,Washington State,"26",0
Shy Tuttle,"3886601",Carolina Panthers,DT,75,300,29,Tennessee,"99",6
Trevin Wallace,"4683815",Carolina Panthers,LB,73,244,22,Kentucky,"56",0
Tershawn Wharton,"4058925",Carolina Panthers,DT,73,280,26,Missouri S&T,na,5
Jacoby Windmon,"4428909",Carolina Panthers,LB,74,250,23,Michigan State,"41",0
D.J. Wonnum,"4038849",Carolina Panthers,LB,77,258,27,South Carolina,"98",5
Andrew Billings,"3051775",Chicago Bears,DT,73,311,30,Baylor,"97",8
Josh Blackwell,"4240459",Chicago Bears,CB,71,180,25,Duke,"39",3
Austin Booker,"4683553",Chicago Bears,DE,78,245,22,Kansas,"94",0
Swayze Bozeman,"4570546",Chicago Bears,LB,73,224,26,Southern Miss,na,0
Jaquan Brisker,"4570044",Chicago Bears,S,73,200,25,Penn State,"9",3
Kevin Byard III,"2574056",Chicago Bears,S,71,212,31,Middle Tennessee,"31",9
Alex Cook,"4243320",Chicago Bears,S,73,196,25,Washington,na,2
Gervon Dexter Sr.,"4429014",Chicago Bears,DT,78,312,23,Florida,"99",2
Tremaine Edmunds,"3929950",Chicago Bears,LB,77,250,26,Virginia Tech,"49",7
T.J. Edwards,"3121544",Chicago Bears,LB,73,242,28,Wisconsin,"53",6
Jonathan Ford,"4259762",Chicago Bears,DT,77,338,26,Miami,"64",2
Kyler Gordon,"4361093",Chicago Bears,CB,72,200,25,Washington,"6",3
Daniel Hardy,"4365629",Chicago Bears,DE,75,240,26,Montana State,"92",2
Elijah Hicks,"4242402",Chicago Bears,S,71,200,25,California,"22",3
Grady Jarrett,"2576492",Chicago Bears,DE,72,288,31,Clemson,"97",10
Jaylon Johnson,"4243253",Chicago Bears,CB,72,196,25,Utah,"1",5
Carl Jones Jr.,"4569428",Chicago Bears,LB,74,230,23,UCLA,"50",0
Jamree Kromah,"4372463",Chicago Bears,DE,76,275,24,James Madison,"59",0
Nick McCloud,"4036169",Chicago Bears,CB,73,193,26,Notre Dame,"35",4
Tarvarius Moore,"4039278",Chicago Bears,S,74,200,28,Southern Miss,"30",5
Dayo Odeyingbo,"4242659",Chicago Bears,DE,78,286,25,Vanderbilt,"54",4
Amen Ogbongbemiga,"4038432",Chicago Bears,LB,72,231,26,Oklahoma State,"45",4
Jonathan Owens,"4331768",Chicago Bears,S,71,210,29,Mo Western,"36",6
Zacch Pickens,"4426332",Chicago Bears,DT,76,300,25,South Carolina,"96",2
Dominique Robinson,"4244300",Chicago Bears,DE,77,253,26,Miami (OH),"90",3
Noah Sewell,"4430822",Chicago Bears,LB,74,253,23,Oregon,"44",2
Terell Smith,"4360935",Chicago Bears,CB,72,207,25,Minnesota,"32",2
Ameer Speed,"4259546",Chicago Bears,CB,75,215,25,Michigan State,"38",2
Tyrique Stevenson,"4426374",Chicago Bears,CB,72,204,24,Miami,"29",2
Montez Sweat,"3134690",Chicago Bears,DE,78,262,28,Mississippi State,"98",6
Chris Williams,"4034530",Chicago Bears,DT,74,302,26,Wagner,"91",3
Micah Abraham,"4427563",Cincinnati Bengals,CB,71,185,24,Marshall,"40",0
Tycen Anderson,"4257240",Cincinnati Bengals,S,74,209,25,Toledo,"26",3
Daijahn Anthony,"4874448",Cincinnati Bengals,S,72,195,24,Ole Miss,"33",0
Jordan Battle,"4567098",Cincinnati Bengals,S,73,210,24,Alabama,"27",2
Nate Brooks,"3914477",Cincinnati Bengals,CB,72,198,28,North Texas,"41",1
Oren Burks,"3051746",Cincinnati Bengals,LB,75,233,30,Vanderbilt,"42",7
Jalen Davis,"3125356",Cincinnati Bengals,CB,70,186,29,Utah State,"35",5
Trey Hendrickson,"3052743",Cincinnati Bengals,DE,76,270,30,Florida Atlantic,"91",8
Shaka Heyward,"4360413",Cincinnati Bengals,LB,75,238,24,Duke,"50",1
B.J. Hill,"3116748",Cincinnati Bengals,DT,75,311,29,NC State,"92",7
Dax Hill,"4426422",Cincinnati Bengals,CB,72,191,24,Michigan,"23",3
DJ Ivey,"4362502",Cincinnati Bengals,CB,73,192,25,Miami,"38",2
McKinnley Jackson,"4692680",Cincinnati Bengals,DT,74,326,23,Texas A&M,"93",0
Kris Jenkins Jr.,"4432301",Cincinnati Bengals,DT,75,305,23,Michigan,"90",0
Cedric Johnson,"4430065",Cincinnati Bengals,DE,75,260,22,Ole Miss,"52",0
Raymond Johnson III,"4241135",Cincinnati Bengals,DE,75,270,26,Georgia Southern,"56",2
PJ Jules,"4429946",Cincinnati Bengals,S,72,203,23,Southern Illinois,"37",0
Jaylen Key,"4363417",Cincinnati Bengals,S,74,210,25,Alabama,"43",0
Myles Murphy,"4428985",Cincinnati Bengals,DE,77,270,23,Clemson,"99",2
Josh Newton,"4365319",Cincinnati Bengals,CB,71,190,24,TCU,"28",0
Maema Njongmeta,"4428125",Cincinnati Bengals,LB,72,230,24,Wisconsin,"45",0
Joseph Ossai,"4362094",Cincinnati Bengals,DE,76,263,24,Texas,"58",4
Germaine Pratt,"3116724",Cincinnati Bengals,LB,75,250,28,NC State,"57",6
Lance Robinson,"4373087",Cincinnati Bengals,CB,70,185,25,Tulane,"39",0
Cam Sample,"4243923",Cincinnati Bengals,DE,75,272,25,Tulane,"96",4
T.J. Slaton,"4240612",Cincinnati Bengals,DT,76,330,27,Florida,na,4
Geno Stone,"4240575",Cincinnati Bengals,S,71,210,25,Iowa,"22",5
Cam Taylor-Britt,"4361196",Cincinnati Bengals,CB,71,202,25,Nebraska,"29",3
Isaiah Thomas,"4241404",Cincinnati Bengals,DE,77,272,26,Oklahoma,"51",2
DJ Turner II,"4572036",Cincinnati Bengals,CB,71,185,24,Michigan,"20",2
Logan Wilson,"3918330",Cincinnati Bengals,LB,74,245,28,Wyoming,"55",5
Marco Wilson,"4240595",Cincinnati Bengals,CB,71,191,26,Florida,"42",4
Craig Young,"4428962",Cincinnati Bengals,LB,75,225,24,Kansas,"47",0
Chigozie Anusiem,"4360475",Cleveland Browns,CB,73,200,24,Colorado State,"35",0
Jerome Baker,"3915507",Cleveland Browns,LB,74,232,28,Ohio State,na,7
Jowon Briggs,"4426676",Cleveland Browns,DT,73,313,23,Cincinnati,"97",0
Tony Brown II,"3115308",Cleveland Browns,CB,72,200,29,Alabama,"38",6
Devin Bush,"4036261",Cleveland Browns,LB,71,235,26,Michigan,"30",6
Maliek Collins,"3040471",Cleveland Browns,DT,74,310,29,Nebraska,na,9
Trey Dean III,"4360235",Cleveland Browns,S,74,200,25,Florida,"28",1
Grant Delpit,"4242208",Cleveland Browns,S,75,208,26,LSU,"9",5
Mohamoud Diabate,"4567403",Cleveland Browns,LB,76,225,23,Utah,"43",2
Chris Edmonds,"4572922",Cleveland Browns,S,74,210,23,Arizona State,"41",0
Martin Emerson Jr.,"4429568",Cleveland Browns,CB,74,201,24,Mississippi State,"23",3
Myles Garrett,"3122132",Cleveland Browns,DE,76,272,29,Texas A&M,"95",8
Mike Hall Jr.,"4600415",Cleveland Browns,DT,75,300,21,Ohio State,"51",0
Myles Harden,"4695783",Cleveland Browns,CB,71,195,23,South Dakota,"26",0
Shelby Harris,"16837",Cleveland Browns,DT,74,288,33,Illinois State,"93",10
Marcus Haynes,"4243507",Cleveland Browns,LB,76,240,26,Old Dominion,"98",1
Ronnie Hickman,"4569620",Cleveland Browns,S,73,209,23,Ohio State,"33",2
Jordan Hicks,"2514270",Cleveland Browns,LB,73,235,32,Texas,"58",10
Ralph Holley,"4240164",Cleveland Browns,DT,72,285,26,Western Michigan,na,0
Khaleke Hudson,"4046525",Cleveland Browns,LB,72,220,27,Michigan,"39",5
Sam Kamara,"4033855",Cleveland Browns,DE,72,272,27,Stony Brook,"92",2
Anthony Kendall,"5143279",Cleveland Browns,CB,70,177,25,Baldwin Wallace,"44",2
Isaiah McGuire,"4427963",Cleveland Browns,DE,76,268,23,Missouri,"57",2
Cameron Mitchell,"4569607",Cleveland Browns,CB,71,191,23,Northwestern,"29",2
Greg Newsome II,"4361266",Cleveland Browns,CB,72,192,24,Northwestern,"0",4
Ogbo Okoronkwo,"3052667",Cleveland Browns,DE,74,250,29,Oklahoma,"54",7
Jeremiah Owusu-Koramoah,"4258599",Cleveland Browns,LB,74,221,25,Notre Dame,"6",4
Winston Reid,"4251125",Cleveland Browns,LB,72,225,25,Weber State,"59",0
Elerson G. Smith,"4030924",Cleveland Browns,LB,79,245,26,Northern Iowa,"52",3
Cameron Thomas,"4361510",Cleveland Browns,DE,76,265,25,San Diego State,"99",3
Joe Tryon-Shoyinka,"4243333",Cleveland Browns,LB,77,259,25,Washington,na,4
Denzel Ward,"3915535",Cleveland Browns,CB,71,190,27,Ohio State,"21",7
Nathaniel Watson,"4362895",Cleveland Browns,LB,72,233,24,Mississippi State,"40",0
Alex Wright,"4570119",Cleveland Browns,DE,77,267,24,UAB,"91",3
Luq Barcoo,"4361499",Dallas Cowboys,CB,73,180,26,San Diego State,na,2
Markquese Bell,"4241921",Dallas Cowboys,S,75,205,26,Florida A&M,"14",3
DaRon Bland,"4248911",Dallas Cowboys,CB,72,197,25,Fresno State,"26",3
Andrew Booth Jr.,"4426344",Dallas Cowboys,CB,72,194,24,Clemson,"25",3
Earnest Brown IV,"4242292",Dallas Cowboys,DE,77,300,26,Northwestern,"51",3
Josh Butler,"3929814",Dallas Cowboys,CB,72,182,28,Michigan State,"31",1
Caelen Carson,"4431006",Dallas Cowboys,CB,72,195,23,Wake Forest,"21",0
Damone Clark,"4362636",Dallas Cowboys,LB,75,240,24,LSU,"18",3
Denzel Daxon,"4577735",Dallas Cowboys,DT,74,304,26,Illinois,"95",0
Trevon Diggs,"4040966",Dallas Cowboys,CB,74,195,26,Alabama,"7",5
Kaiir Elam,"4567399",Dallas Cowboys,CB,73,191,23,Florida,na,3
Dante Fowler Jr.,"2980100",Dallas Cowboys,LB,75,261,30,Florida,"6",10
C.J. Goodwin,"17474",Dallas Cowboys,CB,75,190,35,California (PA),"29",9
Kemon Hall,"4243831",Dallas Cowboys,CB,71,190,27,North Texas,"43",3
Darius Harris,"3122906",Dallas Cowboys,LB,74,238,29,Middle Tennessee,"47",5
Malik Hooker,"3121415",Dallas Cowboys,S,74,212,28,Ohio State,"28",8
Buddy Johnson,"4240900",Dallas Cowboys,LB,74,240,26,Texas A&M,"57",3
Marshawn Kneeland,"4429996",Dallas Cowboys,DE,75,268,23,Western Michigan,"94",0
Marist Liufau,"4427816",Dallas Cowboys,LB,74,239,24,Notre Dame,"35",0
Brock Mogensen,"4382826",Dallas Cowboys,LB,74,234,25,South Dakota,"59",0
Israel Mukuamu,"4362855",Dallas Cowboys,S,76,205,25,South Carolina,"24",4
Kenneth Murray Jr.,"4241394",Dallas Cowboys,LB,74,241,26,Oklahoma,na,5
Osa Odighizuwa,"4035840",Dallas Cowboys,DT,74,280,26,UCLA,"97",4
DeMarvion Overshown,"4362088",Dallas Cowboys,LB,74,220,24,Texas,"13",2
Micah Parsons,"4361423",Dallas Cowboys,LB,75,245,25,Penn State,"11",4
Troy Pride Jr.,"4046679",Dallas Cowboys,CB,71,195,27,Notre Dame,"32",3
Justin Rogers,"4692185",Dallas Cowboys,DT,75,346,24,Auburn,"96",0
Jack Sanborn,"4372576",Dallas Cowboys,LB,74,234,24,Wisconsin,"57",3
Mazi Smith,"4426347",Dallas Cowboys,DT,75,337,23,Michigan,"58",2
Juanyeh Thomas,"4360590",Dallas Cowboys,S,75,217,24,Georgia Tech,"30",2
Solomon Thomas,"3117258",Dallas Cowboys,DE,75,295,29,Stanford,na,8
Payton Turner,"4240269",Dallas Cowboys,DE,78,270,26,Houston,na,4
Luiji Vilain,"4258210",Dallas Cowboys,DE,76,252,27,Wake Forest,"53",3
Tyrus Wheat,"4689333",Dallas Cowboys,DE,74,260,25,Mississippi State,"91",2
Sam Williams,"4567242",Dallas Cowboys,DE,76,261,26,Ole Miss,"54",3
Donovan Wilson,"3122135",Dallas Cowboys,S,72,204,30,Texas A&M,"6",6
Kris Abrams-Draine,"4429193",Denver Broncos,CB,71,178,23,Missouri,"31",0
Zach Allen,"3915282",Denver Broncos,DE,77,285,27,Boston College,"99",6
Levelle Bailey,"4428241",Denver Broncos,LB,74,225,24,Fresno State,"56",0
Nik Bonitto,"4360259",Denver Broncos,LB,75,240,25,Oklahoma,"15",3
K.J. Cloyd,"4691888",Denver Broncos,LB,74,228,24,Miami,"57",0
Jonathon Cooper,"4040608",Denver Broncos,LB,76,257,27,Ohio State,"0",4
Jonah Elliss,"4687592",Denver Broncos,LB,74,246,21,Utah,"52",0
Andrew Farmer,"4394894",Denver Broncos,LB,76,250,24,Lane College,"53",2
John Franklin-Myers,"3120464",Denver Broncos,DE,76,288,28,Stephen F. Austin,"98",7
Dre Greenlaw,"3916903",Denver Broncos,LB,72,230,27,Arkansas,na,6
Matt Henningsen,"4242358",Denver Broncos,DE,75,291,25,Wisconsin,"91",3
Talanoa Hufanga,"4360853",Denver Broncos,S,72,200,25,USC,"29",4
Jordan Jackson,"4261090",Denver Broncos,DT,76,294,27,Air Force,"94",1
Brandon Jones,"4039059",Denver Broncos,S,72,191,27,Texas,"22",5
D.J. Jones,"3894915",Denver Broncos,DT,72,305,30,Ole Miss,"93",8
Devon Key,"4037559",Denver Broncos,S,72,208,27,Western Kentucky,"26",1
P.J. Locke,"3929850",Denver Broncos,S,70,202,28,Texas,"6",5
Damarri Mathis,"4240707",Denver Broncos,CB,71,195,25,Pittsburgh,"27",3
Tanner McCalister,"4361824",Denver Broncos,S,71,191,25,Ohio State,"30",1
Ja'Quan McMillian,"4567462",Denver Broncos,CB,70,183,24,East Carolina,"29",2
Jordan Miller,"4362524",Denver Broncos,DT,75,307,25,SMU,"90",0
Riley Moss,"4382401",Denver Broncos,CB,72,193,25,Iowa,"21",2
Quinton Newsome,"4428113",Denver Broncos,CB,73,185,23,Nebraska,"36",0
Malcolm Roach,"4039064",Denver Broncos,DT,75,290,26,Texas,"97",5
Drew Sanders,"4685721",Denver Broncos,LB,77,233,23,Arkansas,"41",2
Alex Singleton,"2612151",Denver Broncos,LB,74,240,31,Montana State,"49",6
JL Skinner,"4428503",Denver Broncos,S,76,220,23,Boise State,"34",2
Keidron Smith,"4372418",Denver Broncos,S,74,210,25,Kentucky,"43",1
Justin Strnad,"3919548",Denver Broncos,LB,75,235,28,Wake Forest,"40",5
Pat Surtain II,"4372012",Denver Broncos,CB,74,202,24,Alabama,"2",4
Reese Taylor,"4371946",Denver Broncos,CB,69,188,25,Purdue,"35",1
Dondrea Tillman,"5216101",Denver Broncos,LB,75,270,26,Indiana-Pennsylvania,"92",1
Delarrin Turner-Yell,"4360287",Denver Broncos,S,71,200,25,Oklahoma,"32",3
Eyioma Uwazurike,"4066109",Denver Broncos,DE,78,320,26,Iowa State,"96",2
Myles Adams,"4039164",Detroit Lions,DE,74,290,27,Rice,"66",3
Mitchell Agude,"4591235",Detroit Lions,LB,76,250,26,Miami,"50",1
Alex Anzalone,"3043107",Detroit Lions,LB,75,238,30,Florida,"34",8
Terrion Arnold,"4592837",Detroit Lions,CB,72,199,22,Alabama,"0",0
Derrick Barnes,"4260409",Detroit Lions,LB,72,240,25,Purdue,"55",4
Abraham Beauplan,"4686533",Detroit Lions,LB,74,235,25,Marshall,"48",1
Brian Branch,"4692025",Detroit Lions,S,72,203,23,Alabama,"32",2
Jack Campbell,"4569465",Detroit Lions,LB,77,243,24,Iowa,"46",2
Marcus Davenport,"3124058",Detroit Lions,DE,78,265,28,UTSA,"92",7
Khalil Dorsey,"4027919",Detroit Lions,CB,68,185,27,Northern Arizona,"30",4
DaRon Gilbert,"4571826",Detroit Lions,LB,73,218,23,Northern Illinois,"43",0
Erick Hallett II,"4373320",Detroit Lions,S,71,190,24,Pittsburgh,"36",1
Aidan Hutchinson,"4372099",Detroit Lions,DE,79,268,24,Michigan,"97",3
Kerby Joseph,"4360383",Detroit Lions,S,73,203,24,Illinois,"31",3
Roy Lopez,"4040805",Detroit Lions,DT,74,318,27,Arizona,na,4
Nate Lynn,"4574142",Detroit Lions,DE,75,256,22,William & Mary,"57",0
Avonte Maddox,"3123938",Detroit Lions,CB,69,184,29,Pittsburgh,na,8
Brodric Martin,"4365457",Detroit Lions,DT,77,322,25,Western Kentucky,"96",2
Alim McNeill,"4361662",Detroit Lions,DT,74,315,24,NC State,"54",4
Al-Quadin Muhammad,"3051942",Detroit Lions,LB,75,250,30,Miami,"69",7
Morice Norris,"4880777",Detroit Lions,CB,71,192,24,Fresno State,"40",0
Trevor Nowaske,"5144894",Detroit Lions,LB,75,237,26,Saginaw Valley State,"53",2
Pat O'Connor,"2980206",Detroit Lions,DE,76,300,31,Eastern Michigan,"95",6
Levi Onwuzurike,"4039020",Detroit Lions,DE,75,290,27,Washington,"91",4
Josh Paschal,"4259994",Detroit Lions,DE,75,274,25,Kentucky,"93",3
Anthony Pittman,"4423367",Detroit Lions,LB,75,224,28,Wayne State (MI),"41",4
Ennis Rakestraw Jr.,"4566092",Detroit Lions,CB,71,191,22,Missouri,"15",0
DJ Reader,"2977670",Detroit Lions,DT,75,335,30,Clemson,"98",9
D.J. Reed,"3139387",Detroit Lions,CB,69,188,28,Kansas State,"4",7
Amik Robertson,"4239694",Detroit Lions,CB,69,183,26,Louisiana Tech,"21",5
Malcolm Rodriguez,"4241411",Detroit Lions,LB,71,234,26,Oklahoma State,"44",3
Chris Smith,"4367835",Detroit Lions,DT,73,316,25,Notre Dame,"90",1
Loren Strickland,"4917439",Detroit Lions,S,70,202,24,Ball State,"24",0
Grant Stuard,"4240255",Detroit Lions,LB,71,230,26,Houston,na,4
Stantley Thomas-Oliver III,"4046353",Detroit Lions,CB,72,190,26,Florida Internationa,"38",4
Ezekiel Turner,"3894901",Detroit Lions,LB,74,214,28,Washington,"47",7
Isaac Ukwu,"4249608",Detroit Lions,DE,75,265,26,Ole Miss,"45",0
Mekhi Wingo,"4586333",Detroit Lions,DT,72,291,21,LSU,"94",0
Rock Ya-Sin,"3910229",Detroit Lions,CB,71,195,28,Temple,na,6
Jaire Alexander,"3895429",Green Bay Packers,CB,70,196,28,Louisville,"23",7
Deslin Alexandre,"4240728",Green Bay Packers,DE,75,264,26,Pittsburgh,"49",1
Zayne Anderson,"3932335",Green Bay Packers,S,74,206,28,BYU,"39",2
Karl Brooks,"4373423",Green Bay Packers,DE,75,296,24,Bowling Green,"94",2
Omar Brown,"4426794",Green Bay Packers,S,73,205,24,Nebraska,"40",0
Javon Bullard,"4688930",Green Bay Packers,S,70,198,22,Georgia,"20",0
Kenny Clark,"3122752",Green Bay Packers,DT,75,314,29,UCLA,"97",9
Edgerrin Cooper,"4430438",Green Bay Packers,LB,74,229,23,Texas A&M,"56",0
Brenton Cox Jr.,"4361776",Green Bay Packers,DE,76,250,25,Florida,"57",2
Isaiah Dunn,"4255989",Green Bay Packers,CB,72,189,26,Oregon State,na,2
Kingsley Enagbare,"4362840",Green Bay Packers,DE,76,258,25,South Carolina,"55",3
James Ester,"4429576",Green Bay Packers,DT,75,289,23,Northern Illinois,"65",0
Rashan Gary,"4046523",Green Bay Packers,DE,77,277,27,Michigan,"52",6
Kamal Hadden,"4427356",Green Bay Packers,CB,73,192,24,Tennessee,"36",0
Kaleb Hayes,"4255984",Green Bay Packers,CB,72,194,26,BYU,na,1
Nate Hobbs,"4240542",Green Bay Packers,CB,72,195,25,Illinois,na,4
Ty'Ron Hopper,"4567406",Green Bay Packers,LB,74,228,23,Missouri,"59",0
Kalen King,"4431433",Green Bay Packers,CB,71,190,22,Penn State,"34",0
Jeremiah Martin,"4372523",Green Bay Packers,DE,75,265,24,Washington,"51",1
Isaiah McDuffie,"4239947",Green Bay Packers,LB,73,227,25,Boston College,"58",4
Xavier McKinney,"4241470",Green Bay Packers,S,72,201,26,Alabama,"29",5
Arron Mosby,"4242996",Green Bay Packers,DE,75,250,25,Fresno State,"53",2
Keisean Nixon,"4259493",Green Bay Packers,CB,70,200,27,South Carolina,"25",6
Kitan Oladapo,"4374037",Green Bay Packers,S,74,216,24,Oregon State,"27",0
Leonard Payne,"4373909",Green Bay Packers,DT,75,301,24,Colorado,"78",0
Keith Randolph Jr.,"4430349",Green Bay Packers,DT,76,296,23,Illinois,na,0
Nesta Jade Silvera,"4362497",Green Bay Packers,DT,74,304,25,Arizona State,na,2
Carrington Valentine,"4430965",Green Bay Packers,CB,72,189,23,Kentucky,"24",2
Lukas Van Ness,"4686906",Green Bay Packers,DE,77,272,23,Iowa,"90",2
Quay Walker,"4379416",Green Bay Packers,LB,76,241,24,Georgia,"7",3
Kristian Welch,"4036153",Green Bay Packers,LB,75,239,26,Iowa,"54",5
Evan Williams,"4428863",Green Bay Packers,S,71,200,23,Oregon,"33",0
Colby Wooden,"4567224",Green Bay Packers,DT,76,273,24,Auburn,"96",2
Devonte Wyatt,"4361791",Green Bay Packers,DT,75,304,27,Georgia,"95",3
Azeez Al-Shaair,"3919117",Houston Texans,LB,74,228,27,Florida Atlantic,"0",6
Will Anderson Jr.,"4685724",Houston Texans,DE,76,243,23,Alabama,"51",2
Denico Autry,"17447",Houston Texans,DE,77,285,34,Mississippi State,"96",11
Derek Barnett,"3115336",Houston Texans,DE,75,259,28,Tennessee,"95",8
Calen Bullock,"4431517",Houston Texans,S,75,190,21,USC,"21",0
Solomon Byrd,"4361689",Houston Texans,DE,75,250,25,USC,"50",0
Ronald Darby,"2969920",Houston Texans,CB,71,193,31,Florida State,na,11
Mario Edwards Jr.,"2969921",Houston Texans,DT,75,280,31,Florida State,"97",10
C.J. Gardner-Johnson,"4034953",Houston Texans,S,71,210,27,Florida,na,5
Jake Hansen,"4033812",Houston Texans,LB,73,230,26,Illinois,"35",3
Christian Harris,"4567099",Houston Texans,LB,74,232,24,Alabama,"48",3
Jamal Hill,"4427479",Houston Texans,LB,72,227,24,Oregon,"56",0
Kurt Hinish,"4258594",Houston Texans,DT,73,296,25,Notre Dame,"93",3
Dylan Horton,"4374066",Houston Texans,DE,76,275,24,TCU,"92",2
Danielle Hunter,"2976560",Houston Texans,DE,77,263,30,LSU,"55",10
Kingsley Jonathan,"4240405",Houston Texans,DE,76,260,26,Syracuse,"59",3
Gregory Junior,"4400960",Houston Texans,CB,72,190,25,Ouachita Baptist,"41",2
Kamari Lassiter,"4602699",Houston Texans,CB,72,180,22,Georgia,"4",0
Nick Niemann,"4036141",Houston Texans,LB,75,244,27,Iowa,na,4
Jayden Peevy,"4240927",Houston Texans,DT,77,308,25,Texas A&M,"94",1
Jalen Pitre,"4241223",Houston Texans,S,72,200,25,Baylor,"5",3
Sheldon Rankins,"2970204",Houston Texans,DT,74,305,31,Louisville,na,9
D'Angelo Ross,"3139389",Houston Texans,CB,69,190,31,New Mexico,"37",3
Tim Settle Jr.,"3929956",Houston Texans,DT,75,313,27,Virginia Tech,"98",7
Tremon Smith,"3134448",Houston Texans,CB,72,190,28,Central Arkansas,na,7
E.J. Speed,"3071353",Houston Texans,LB,76,227,29,Tarleton State,na,6
M.J. Stewart,"3116679",Houston Texans,S,71,205,29,North Carolina,"29",7
Derek Stingley Jr.,"4426434",Houston Texans,CB,73,195,23,LSU,"24",3
Darrell Taylor,"3915396",Houston Texans,DE,76,267,28,Tennessee,na,4
Henry To'oTo'o,"4426350",Houston Texans,LB,74,228,24,Alabama,"39",2
Tommy Togiai,"4361366",Houston Texans,DT,74,296,25,Ohio State,"72",3
Casey Toohill,"3931408",Houston Texans,DE,77,254,28,Stanford,na,5
Jimmie Ward,"16717",Houston Texans,S,71,193,33,Northern Illinois,"20",11
Russ Yeast,"4240071",Houston Texans,S,70,195,25,Kansas State,"25",3
Adetomiwa Adebawore,"4427635",Indianapolis Colts,DT,74,282,24,Northwestern,"95",2
Austin Ajiake,"4374171",Indianapolis Colts,LB,73,223,24,UNLV,"58",1
Liam Anderson,"4368056",Indianapolis Colts,LB,75,226,24,Holy Cross,"47",1
Corey Ballentine,"4411769",Indianapolis Colts,CB,71,196,28,Washburn,na,6
JuJu Brents,"4360488",Indianapolis Colts,CB,75,198,25,Kansas State,"29",2
DeForest Buckner,"2971282",Indianapolis Colts,DT,79,295,31,Oregon,"99",9
Camryn Bynum,"4035861",Indianapolis Colts,S,72,200,26,California,na,5
Jaylon Carlies,"4601021",Indianapolis Colts,LB,75,227,23,Missouri,"57",0
Nick Cross,"4426403",Indianapolis Colts,S,72,212,23,Maryland,"20",3
Marcel Dabo,"5054377",Indianapolis Colts,S,72,208,25,na,"42",1
Samson Ebukam,"3045527",Indianapolis Colts,DE,75,245,29,Eastern Washington,"52",8
Zaire Franklin,"3124005",Indianapolis Colts,LB,72,235,28,Syracuse,"44",7
Neville Gallimore,"3892883",Indianapolis Colts,DE,74,307,28,Oklahoma,na,6
Alex Johnson,"4367181",Indianapolis Colts,CB,72,185,24,UCLA,"39",0
Jaylon Jones,"4685145",Indianapolis Colts,CB,74,203,22,Texas A&M,"40",2
Isaiah Land,"4574551",Indianapolis Colts,DE,76,225,25,Florida A&M,"55",2
Laiatu Latu,"4426473",Indianapolis Colts,DE,77,265,24,UCLA,"97",0
Tyquan Lewis,"3040513",Indianapolis Colts,DE,75,267,30,Ohio State,"94",7
David Long Jr.,"4046536",Indianapolis Colts,CB,71,196,27,Michigan,"34",6
Cameron McGrone,"4372085",Indianapolis Colts,LB,73,236,24,Michigan,"59",3
Kenny Moore II,"4218312",Indianapolis Colts,CB,69,190,29,Valdosta St,"23",8
Durell Nchami,"4360638",Indianapolis Colts,DE,76,258,25,Maryland,"74",1
Segun Olubi,"4260703",Indianapolis Colts,LB,72,225,25,San Diego State,"50",2
Kwity Paye,"4258194",Indianapolis Colts,DE,75,265,26,Michigan,"51",4
Pheldarius Payne,"4686263",Indianapolis Colts,DT,75,275,24,Virginia Tech,"69",0
Jacob Phillips,"4242206",Indianapolis Colts,LB,75,228,26,LSU,na,4
Daniel Scott,"4242415",Indianapolis Colts,S,73,208,26,California,"31",2
Grover Stewart,"4058825",Indianapolis Colts,DT,76,314,31,Albany State,"90",8
Rodney Thomas II,"4248455",Indianapolis Colts,S,73,196,26,Yale,"25",3
Charvarius Ward,"4037361",Indianapolis Colts,CB,73,196,28,Middle Tennessee,na,7
Samuel Womack III,"4280416",Indianapolis Colts,CB,71,189,25,Toledo,"33",3
Yasir Abdullah,"4360807",Jacksonville Jaguars,LB,73,234,24,Louisville,"56",2
Arik Armstead,"2971275",Jacksonville Jaguars,DE,79,290,31,Oregon,"91",10
Christian Braswell,"4257580",Jacksonville Jaguars,CB,71,185,25,Rutgers,"21",2
Montaric Brown,"4242149",Jacksonville Jaguars,CB,72,190,25,Arkansas,"30",3
Tyson Campbell,"4379397",Jacksonville Jaguars,CB,73,195,25,Georgia,"3",4
Myles Cole,"4365303",Jacksonville Jaguars,DE,78,278,24,Texas Tech,"59",0
DaVon Hamilton,"3915520",Jacksonville Jaguars,DT,76,335,28,Ohio State,"52",5
Josh Hines-Allen,"3915239",Jacksonville Jaguars,DE,77,255,27,Kentucky,"41",6
Jordan Jefferson,"4569448",Jacksonville Jaguars,DT,74,316,23,LSU,"98",0
Antonio Johnson,"4429168",Jacksonville Jaguars,S,75,195,23,Texas A&M,"26",2
Jarrian Jones,"4426448",Jacksonville Jaguars,CB,71,190,23,Florida State,"22",0
Tyler Lacy,"4361861",Jacksonville Jaguars,DT,76,285,25,Oklahoma State,"93",2
Jourdan Lewis,"3045207",Jacksonville Jaguars,CB,70,195,29,Michigan,"2",8
Devin Lloyd,"4243256",Jacksonville Jaguars,LB,75,235,26,Utah,"33",3
Zech McPhearson,"4045161",Jacksonville Jaguars,CB,71,185,27,Texas Tech,"34",4
Ventrell Miller,"4240610",Jacksonville Jaguars,LB,72,221,26,Florida,"51",2
Chad Muma,"4361707",Jacksonville Jaguars,LB,75,239,25,Wyoming,"48",3
Eric Murray,"2970716",Jacksonville Jaguars,S,71,199,31,Minnesota,na,9
Foyesade Oluokun,"3050073",Jacksonville Jaguars,LB,74,230,29,Yale,"23",7
De'Antre Prince,"4428283",Jacksonville Jaguars,CB,72,183,24,Ole Miss,"24",0
Darnell Savage,"3915419",Jacksonville Jaguars,S,71,198,27,Maryland,"6",6
Maason Smith,"4431567",Jacksonville Jaguars,DT,77,306,22,LSU,"94",0
Daniel Thomas,"4035505",Jacksonville Jaguars,S,70,215,26,Auburn,"20",5
Travon Walker,"4426349",Jacksonville Jaguars,DE,77,272,24,Georgia,"44",3
Andrew Wingard,"3918331",Jacksonville Jaguars,S,72,200,28,Wyoming,"42",6
Felix Anudike-Uzomah,"4612387",Kansas City Chiefs,DE,76,255,23,Kansas State,"97",2
Nick Bolton,"4362759",Kansas City Chiefs,LB,71,237,25,Missouri,"32",4
Shaun Bradley,"4038902",Kansas City Chiefs,LB,73,240,27,Temple,na,5
Deon Bush,"2969944",Kansas City Chiefs,S,72,200,31,Miami,"26",9
Leo Chenal,"4426901",Kansas City Chiefs,LB,75,250,24,Wisconsin,"54",3
Cole Christiansen,"4036959",Kansas City Chiefs,LB,73,230,27,Army,"48",1
Jack Cochrane,"4249766",Kansas City Chiefs,LB,75,236,26,South Dakota,"43",3
Chamarri Conner,"4361964",Kansas City Chiefs,S,72,202,24,Virginia Tech,"27",2
Bryan Cook,"4247726",Kansas City Chiefs,S,73,206,25,Cincinnati,"6",3
Mike Danna,"3915487",Kansas City Chiefs,DE,74,257,27,Michigan,"51",5
Kristian Fulton,"4035433",Kansas City Chiefs,CB,71,197,26,LSU,na,4
Malik Herring,"4259547",Kansas City Chiefs,DE,75,275,27,Georgia,"94",4
Jaden Hicks,"4685232",Kansas City Chiefs,S,73,215,22,Washington State,"21",0
Siaki Ika,"4426440",Kansas City Chiefs,DT,75,335,24,Baylor,"99",1
Nazeeh Johnson,"4043625",Kansas City Chiefs,S,70,199,26,Marshall,"13",2
Cam Jones,"4371959",Kansas City Chiefs,LB,74,227,25,Indiana,"44",2
Chris Jones,"3044859",Kansas City Chiefs,DT,78,310,30,Mississippi State,"95",9
George Karlaftis,"4426659",Kansas City Chiefs,DE,76,263,23,Purdue,"56",3
Fabien Lovett Sr.,"4362905",Kansas City Chiefs,DT,75,316,25,Florida State,"96",0
Blake Lynch,"3892773",Kansas City Chiefs,LB,75,225,28,Baylor,"59",3
Trent McDuffie,"4426405",Kansas City Chiefs,CB,71,193,24,Washington,"22",3
Charles Omenihu,"3929865",Kansas City Chiefs,DE,77,280,27,Texas,"90",6
Mike Pennel Jr.,"17230",Kansas City Chiefs,DT,76,330,33,Colorado State-Puebl,"69",10
Robert Rochell,"4032200",Kansas City Chiefs,CB,72,193,26,Central Arkansas,na,4
Christian Roland-Wallace,"4428383",Kansas City Chiefs,CB,71,202,23,USC,"30",0
Darius Rush,"4362858",Kansas City Chiefs,CB,74,198,25,South Carolina,na,2
Eric Scott Jr.,"4248032",Kansas City Chiefs,CB,72,197,26,Southern Miss,"37",2
Jason Taylor II,"4361835",Kansas City Chiefs,S,72,204,25,Oklahoma State,na,2
BJ Thompson,"4691084",Kansas City Chiefs,DE,78,243,26,Stephen F. Austin,"53",2
Jerry Tillery,"3863182",Kansas City Chiefs,DT,78,295,28,Notre Dame,"99",6
Drue Tranquill,"3129310",Kansas City Chiefs,LB,74,234,29,Notre Dame,"23",6
Marlon Tuipulotu,"4243218",Kansas City Chiefs,DT,74,307,25,USC,"92",4
Jaylen Watson,"4697639",Kansas City Chiefs,CB,74,197,26,Washington State,"35",3
Joshua Williams,"4917635",Kansas City Chiefs,CB,75,193,25,Fayette St,"2",3
David Agoha,"5144941",Las Vegas Raiders,DE,76,252,23,na,"55",1
Jakorian Bennett,"4686911",Las Vegas Raiders,CB,71,195,24,Maryland,"0",2
Amari Burney,"4360239",Las Vegas Raiders,LB,74,228,24,Florida,"56",2
Adam Butler,"2972342",Las Vegas Raiders,DT,77,300,30,Vanderbilt,"69",6
Matthew Butler,"4242457",Las Vegas Raiders,DT,75,290,25,Tennessee,"91",2
Zach Carter,"4240619",Las Vegas Raiders,DT,76,290,25,Florida,"93",3
Andre Carter II,"4577333",Las Vegas Raiders,DE,78,256,25,Army,"99",2
Jeremy Chinn,"4043169",Las Vegas Raiders,S,75,220,27,Southern Illinois,na,5
Maxx Crosby,"3916655",Las Vegas Raiders,DE,77,255,27,Eastern Michigan,"98",6
M.J. Devonshire,"4427068",Las Vegas Raiders,CB,71,186,24,Pittsburgh,"26",0
Tommy Eichenberg,"4429560",Las Vegas Raiders,LB,74,239,24,Ohio State,"45",0
Leki Fotu,"4035666",Las Vegas Raiders,DT,77,335,26,Utah,na,5
Amari Gainer,"4360469",Las Vegas Raiders,LB,75,236,24,North Carolina,"53",0
Thomas Harper,"4569323",Las Vegas Raiders,S,70,195,24,Notre Dame,"34",0
Darnay Holmes,"4242973",Las Vegas Raiders,CB,70,195,26,UCLA,"30",5
Lonnie Johnson Jr.,"4240780",Las Vegas Raiders,CB,74,213,29,Kentucky,na,6
Jack Jones,"4035686",Las Vegas Raiders,CB,71,175,27,Arizona State,"18",3
Kyu Blu Kelly,"4427695",Las Vegas Raiders,CB,73,185,23,Stanford,"36",2
Malcolm Koonce,"4239719",Las Vegas Raiders,DE,75,250,26,Buffalo,"51",4
Jonah Laulu,"4373956",Las Vegas Raiders,DT,77,292,24,Oklahoma,"96",0
Tyler Manoa,"4367195",Las Vegas Raiders,DT,77,315,25,Arizona,"92",0
Kana'i Mauga,"4360855",Las Vegas Raiders,LB,74,245,25,USC,"43",2
Jackson Mitchell,"4569009",Las Vegas Raiders,LB,74,235,24,UConn,"48",0
Ovie Oghoufo,"4361326",Las Vegas Raiders,DE,76,250,25,LSU,"90",0
Isaiah Pola-Mao,"4259632",Las Vegas Raiders,S,76,205,25,USC,"20",3
Decamerion Richardson,"4605498",Las Vegas Raiders,CB,74,195,24,Mississippi State,"25",0
Elandon Roberts,"2987743",Las Vegas Raiders,LB,73,238,30,Houston,na,9
Brandon Smith,"4575416",Las Vegas Raiders,LB,75,240,23,Penn State,"47",2
Charles Snowden,"4240849",Las Vegas Raiders,DE,79,245,27,Virginia,"49",1
Eric Stokes,"4259561",Las Vegas Raiders,CB,73,194,26,Georgia,na,4
Trey Taylor,"4693816",Las Vegas Raiders,S,72,213,24,Air Force,"37",0
Sam Webb,"4700660",Las Vegas Raiders,CB,74,195,26,Mo Western,"27",2
Devin White,"4035434",Las Vegas Raiders,LB,72,237,27,LSU,"45",6
Christian Wilkins,"3728266",Las Vegas Raiders,DT,76,310,29,Clemson,"94",6
Tyree Wilson,"4372533",Las Vegas Raiders,DE,78,275,24,Texas Tech,"9",2
Chris Collins,"4373268",Los Angeles Chargers,LB,77,255,25,Minnesota,"53",0
Junior Colson,"4431212",Los Angeles Chargers,LB,75,247,22,Michigan,"25",0
Bud Dupree,"2576702",Los Angeles Chargers,LB,76,269,32,Kentucky,"48",10
Troy Dye,"4038946",Los Angeles Chargers,LB,75,231,28,Oregon,"43",5
Justin Eboigbe,"4567138",Los Angeles Chargers,DT,77,292,23,Alabama,"92",0
Alohi Gilman,"4039413",Los Angeles Chargers,S,70,201,27,Notre Dame,"32",5
Da'Shawn Hand,"3126352",Los Angeles Chargers,DT,75,297,29,Alabama,na,7
Cam Hart,"4427404",Los Angeles Chargers,CB,74,207,24,Notre Dame,"20",0
Daiyan Henley,"4241597",Los Angeles Chargers,LB,73,225,25,Washington State,"0",2
Christopher Hinton,"4426583",Los Angeles Chargers,DT,76,310,24,Michigan,"91",2
Donte Jackson,"3843769",Los Angeles Chargers,CB,70,180,29,LSU,na,6
Derwin James Jr.,"3691739",Los Angeles Chargers,S,74,215,28,Florida State,"3",7
Jeremiah Jean-Baptiste,"4427588",Los Angeles Chargers,LB,74,230,23,Ole Miss,"51",0
Tony Jefferson,"16195",Los Angeles Chargers,S,71,212,33,Oklahoma,"23",10
Emany Johnson,"4361437",Los Angeles Chargers,S,74,218,24,Nevada,na,0
Naquan Jones,"4046716",Los Angeles Chargers,DT,75,313,27,Michigan State,"96",4
Deane Leonard,"4690171",Los Angeles Chargers,CB,72,195,25,Ole Miss,"33",3
Khalil Mack,"16710",Los Angeles Chargers,LB,75,269,34,Buffalo,"52",11
Scott Matlock,"4373684",Los Angeles Chargers,DT,76,296,24,Boise State,"44",2
Elijah Molden,"4243328",Los Angeles Chargers,CB,70,191,26,Washington,"22",4
Tre'Mon Morris-Brash,"4428058",Los Angeles Chargers,LB,74,245,24,UCF,"57",0
Caleb Murphy,"4911489",Los Angeles Chargers,LB,75,254,25,Ferris State,"50",2
Otito Ogbonnia,"4367210",Los Angeles Chargers,DT,76,320,24,UCLA,"93",3
Denzel Perryman,"2579621",Los Angeles Chargers,LB,71,240,32,Miami,"6",10
Del'Shawn Phillips,"4240528",Los Angeles Chargers,LB,74,230,28,Illinois,na,5
Benjamin St-Juste,"4258206",Los Angeles Chargers,CB,75,200,27,Minnesota,na,5
Tarheeb Still,"4432571",Los Angeles Chargers,CB,73,196,22,Maryland,"29",0
Teair Tart,"4374269",Los Angeles Chargers,DT,74,304,28,Florida Internationa,"90",5
Ja'Sir Taylor,"4240434",Los Angeles Chargers,CB,70,185,26,Wake Forest,"36",3
Tuli Tuipulotu,"4431442",Los Angeles Chargers,LB,75,266,22,USC,"45",2
Kendall Williamson,"4360745",Los Angeles Chargers,S,72,203,24,Stanford,"40",1
Kamren Curl,"4242154",Los Angeles Rams,S,74,205,26,Arkansas,"3",5
Tyler Davis,"4568217",Los Angeles Rams,DT,74,299,24,Clemson,"90",0
Cobie Durant,"4384549",Los Angeles Rams,CB,71,182,27,South Carolina State,"14",3
Tony Fields II,"4245655",Los Angeles Rams,LB,72,222,25,West Virginia,"40",4
Braden Fiske,"4362245",Los Angeles Rams,DT,76,291,25,Florida State,"55",0
Emmanuel Forbes Jr.,"4429767",Los Angeles Rams,CB,72,180,24,Mississippi State,"25",2
Poona Ford,"3125114",Los Angeles Rams,DT,71,310,29,Texas,"95",7
A.J. Green III,"4038437",Los Angeles Rams,CB,74,198,26,Oklahoma State,"27",3
Nick Hampton,"4360773",Los Angeles Rams,LB,75,247,24,App State,"31",2
Jack Heflin,"4039485",Los Angeles Rams,DT,75,304,27,Iowa,"93",2
Tanner Ingle,"4361651",Los Angeles Rams,S,68,195,25,NC State,"34",1
Brennan Jackson,"4373471",Los Angeles Rams,LB,76,263,24,Washington State,"44",0
Desjuan Johnson,"4362294",Los Angeles Rams,DE,75,285,25,Toledo,"94",2
Shaun Jolly,"4241008",Los Angeles Rams,CB,69,186,26,App State,"38",3
Derion Kendrick,"4360307",Los Angeles Rams,CB,72,199,24,Georgia,"1",3
Kamren Kinchens,"4596363",Los Angeles Rams,S,71,207,22,Miami,"26",0
Quentin Lake,"4249128",Los Angeles Rams,S,73,196,26,UCLA,"37",3
Cam Lampkin,"4427752",Los Angeles Rams,CB,71,176,23,Washington State,"33",0
Nate Landman,"4243181",Los Angeles Rams,LB,75,240,26,Colorado,na,3
Jaylen McCollough,"4427120",Los Angeles Rams,S,72,202,24,Tennessee,"39",0
Larrell Murchison,"4240123",Los Angeles Rams,DT,74,285,27,NC State,"52",5
Elias Neal,"4428098",Los Angeles Rams,LB,72,227,23,Marshall,"58",0
David Olajiga,"5211114",Los Angeles Rams,DE,75,315,27,C Missouri St,"65",0
Omar Speights,"4428550",Los Angeles Rams,LB,73,228,24,LSU,"48",0
Keir Thomas,"4038843",Los Angeles Rams,LB,74,260,27,Florida State,"96",3
Kobie Turner,"4250621",Los Angeles Rams,DT,74,297,25,Wake Forest,"91",2
Jared Verse,"4578085",Los Angeles Rams,LB,76,260,24,Florida State,"8",0
Josh Wallace,"4572371",Los Angeles Rams,CB,72,189,24,Michigan,"30",0
Darious Williams,"4239833",Los Angeles Rams,CB,69,192,32,UAB,"24",7
Ahkello Witherspoon,"3122630",Los Angeles Rams,CB,74,195,30,Colorado,"4",8
Charles Woods,"4368113",Los Angeles Rams,CB,71,185,24,SMU,"21",0
Byron Young,"4875196",Los Angeles Rams,LB,74,258,27,Tennessee,"0",2
Quinton Bell,"3933407",Miami Dolphins,LB,76,251,28,Prairie View A&M,"56",3
Ethan Bonner,"4360746",Miami Dolphins,CB,73,186,25,Stanford,"27",1
William Bradley-King,"4036476",Miami Dolphins,LB,76,265,27,Baylor,"58",1
K.J. Britt,"4242521",Miami Dolphins,LB,72,235,25,Auburn,"52",4
Jordyn Brooks,"4043130",Miami Dolphins,LB,72,240,27,Texas Tech,"20",5
Artie Burns,"3051921",Miami Dolphins,CB,72,187,29,Miami,na,9
Elijah Campbell,"3932901",Miami Dolphins,S,71,200,29,Northern Iowa,"22",5
Bradley Chubb,"3116733",Miami Dolphins,LB,76,268,28,NC State,"2",7
Jordan Colbert,"4367504",Miami Dolphins,S,74,214,25,Rhode Island,"34",0
Bump Cooper Jr.,"5085881",Miami Dolphins,CB,71,192,23,Oregon State,na,0
Ashtyn Davis,"3858271",Miami Dolphins,S,73,202,28,California,na,5
Matt Dickerson,"3134316",Miami Dolphins,DE,77,292,29,UCLA,"98",5
Tyrel Dodson,"4035232",Miami Dolphins,LB,72,237,26,Texas A&M,"11",5
Storm Duck,"4427103",Miami Dolphins,CB,72,195,24,Louisville,"36",0
Neil Farrell,"4242234",Miami Dolphins,DT,76,325,26,LSU,"97",3
Willie Gay,"4259804",Miami Dolphins,LB,73,243,27,Mississippi State,na,5
Cameron Goode,"4035857",Miami Dolphins,LB,75,245,26,California,"53",2
Dequan Jackson,"4361282",Miami Dolphins,LB,73,225,25,Colorado State,"57",1
Isaiah Johnson,"4367699",Miami Dolphins,CB,75,205,25,Syracuse,"37",0
Benito Jones,"4035299",Miami Dolphins,DT,73,335,27,Ole Miss,"95",4
Mohamed Kamara,"4427677",Miami Dolphins,LB,73,248,25,Colorado State,"50",0
Kader Kohou,"4291489",Miami Dolphins,CB,70,193,26,East Texas A&M,"4",3
Jason Maitre,"4360213",Miami Dolphins,CB,70,188,25,Wisconsin,"43",0
Derrick McLendon,"4430153",Miami Dolphins,LB,76,250,24,Colorado,"59",0
Patrick McMorris,"4430158",Miami Dolphins,S,72,206,23,California,"32",0
Ifeatu Melifonwu,"4240401",Miami Dolphins,S,75,210,25,Syracuse,na,4
Grayson Murphy,"4428077",Miami Dolphins,LB,74,249,24,UCLA,"59",0
Jaelan Phillips,"4242975",Miami Dolphins,LB,77,263,25,Miami,"15",4
Jalen Ramsey,"3045373",Miami Dolphins,CB,73,208,30,Florida State,"5",9
Chop Robinson,"4431586",Miami Dolphins,LB,75,254,22,Penn State,"44",0
Zach Sieler,"3057956",Miami Dolphins,DT,78,300,29,Ferris State,"92",7
Cam Smith,"4570672",Miami Dolphins,CB,73,186,24,South Carolina,"24",2
Channing Tindall,"4379414",Miami Dolphins,LB,74,236,25,Georgia,"41",3
Jonathan Allen,"3054840",Minnesota Vikings,DT,75,300,30,Alabama,na,8
Brian Asamoah II,"4360255",Minnesota Vikings,LB,72,226,25,Oklahoma,"6",3
Travis Bell,"4246741",Minnesota Vikings,DT,72,310,26,Kennesaw State,"95",2
Mekhi Blackmon,"4360677",Minnesota Vikings,CB,71,178,26,USC,"5",2
Bubba Bolden,"4259631",Minnesota Vikings,S,74,200,25,Miami,na,1
Blake Cashman,"3728281",Minnesota Vikings,LB,73,235,28,Minnesota,"51",6
Jonathan Greenard,"3916409",Minnesota Vikings,LB,75,259,27,Florida,"58",5
Kahlef Hailassie,"4373814",Minnesota Vikings,CB,73,195,24,Western Kentucky,"25",2
Javon Hargrave,"2983055",Minnesota Vikings,DT,74,305,32,South Carolina State,na,9
Jonathan Harris,"4422407",Minnesota Vikings,DE,77,295,28,Lindenwood,"71",4
Theo Jackson,"4242436",Minnesota Vikings,S,73,198,26,Tennessee,"26",3
Dwight McGlothern,"4429128",Minnesota Vikings,CB,74,185,23,Arkansas,"29",0
Josh Metellus,"4046537",Minnesota Vikings,S,71,207,27,Michigan,"44",5
Gabriel Murphy,"4428080",Minnesota Vikings,LB,74,247,24,UCLA,"59",0
Byron Murphy Jr.,"4038999",Minnesota Vikings,CB,71,190,27,Washington,"7",6
Jeff Okudah,"4241984",Minnesota Vikings,CB,73,205,26,Ohio State,na,5
Ivan Pace Jr.,"4430280",Minnesota Vikings,LB,70,231,24,Cincinnati,"0",2
Harrison Phillips,"3117255",Minnesota Vikings,DT,75,307,29,Stanford,"97",7
Jalen Redmond,"4360277",Minnesota Vikings,DT,75,291,26,Oklahoma,"61",1
Bo Richter,"4875564",Minnesota Vikings,LB,73,248,24,Air Force,"98",0
Isaiah Rodgers,"4044540",Minnesota Vikings,CB,70,170,27,Massachusetts,"34",4
Levi Drake Rodriguez,"5093973",Minnesota Vikings,DT,76,290,24,East Texas A&M,"50",0
Harrison Smith,"14945",Minnesota Vikings,S,74,211,36,Notre Dame,"22",13
Reddy Steward,"4428584",Minnesota Vikings,CB,71,178,23,Troy,"46",0
Taki Taimani,"4361114",Minnesota Vikings,DT,73,309,25,Oregon,"94",0
Ambry Thomas,"4258209",Minnesota Vikings,CB,72,190,25,Michigan,"38",4
Tavierre Thomas,"4334405",Minnesota Vikings,CB,70,205,29,Ferris State,na,7
NaJee Thompson,"4361382",Minnesota Vikings,CB,71,205,24,Georgia Southern,"36",2
Max Tooley,"4373648",Minnesota Vikings,LB,74,225,27,BYU,"45",0
Dallas Turner,"4565190",Minnesota Vikings,LB,75,247,22,Alabama,"15",0
Andrew Van Ginkel,"3133487",Minnesota Vikings,LB,76,242,29,Wisconsin,"43",6
Jay Ward,"4568007",Minnesota Vikings,S,73,188,24,LSU,"20",2
Eric Wilson,"3056916",Minnesota Vikings,LB,73,230,30,Cincinnati,na,8
Nahshon Wright,"4570470",Minnesota Vikings,CB,76,200,26,Oregon State,"25",5
Alex Austin,"4426599",New England Patriots,CB,73,191,23,Oregon State,"28",2
Christian Barmore,"4372030",New England Patriots,DT,77,315,25,Alabama,"90",4
Miles Battle,"4372413",New England Patriots,CB,75,197,25,Utah,"35",0
Isaiah Bolden,"4711029",New England Patriots,CB,74,205,25,Jackson State,"29",2
K'Lavon Chaisson,"4242205",New England Patriots,LB,75,245,25,LSU,"44",6
Carlton Davis III,"3916923",New England Patriots,CB,73,206,28,Auburn,"7",7
Marcellas Dial Jr.,"4875079",New England Patriots,CB,72,190,24,South Carolina,"27",0
Kyle Dugger,"4401811",New England Patriots,S,73,216,29,Lenoir-Rhyne,"23",5
Christian Elliss,"4245273",New England Patriots,LB,74,231,26,Idaho,"53",3
Marcus Epps,"3139368",New England Patriots,S,72,191,29,Wyoming,"22",6
Jack Gibbens,"4249739",New England Patriots,LB,75,242,26,Minnesota,"51",2
Christian Gonzalez,"4686772",New England Patriots,CB,73,205,22,Oregon,"0",2
Marcus Harris,"4573152",New England Patriots,DT,74,298,24,Auburn,"58",0
Jaylinn Hawkins,"3858276",New England Patriots,S,73,208,27,California,"21",5
DJ James,"4429891",New England Patriots,CB,72,164,24,Auburn,"30",0
Anfernee Jennings,"3925350",New England Patriots,LB,74,255,27,Alabama,"33",5
Eric Johnson II,"4050971",New England Patriots,DT,76,320,26,Missouri State,"96",3
Marcus Jones,"4241720",New England Patriots,CB,68,188,26,Houston,"25",3
Truman Jones,"4367828",New England Patriots,DE,75,255,24,Harvard,"54",1
Titus Leo,"4368468",New England Patriots,LB,75,250,25,Wagner,"97",2
Marte Mapu,"4248899",New England Patriots,S,75,230,25,Sacramento State,"15",2
Jabrill Peppers,"3115962",New England Patriots,S,71,217,29,Michigan,"5",8
Mark Perry,"4428223",New England Patriots,S,72,213,23,TCU,"34",0
Dell Pettus,"4428232",New England Patriots,S,71,200,23,Troy,"24",0
Jeremiah Pharms Jr.,"5081728",New England Patriots,DT,74,300,28,Friends University,"98",2
Monty Rice,"4240692",New England Patriots,LB,72,233,26,Georgia,"45",4
Jaquelin Roy,"4429034",New England Patriots,DT,75,305,24,LSU,"94",2
Brenden Schooler,"4047941",New England Patriots,S,74,210,27,Texas,"41",3
Robert Spillane,"3129446",New England Patriots,LB,73,229,29,Western Michigan,"14",6
Jahlani Tavai,"3124587",New England Patriots,LB,74,255,28,Hawai'i,"48",6
Khyiris Tonga,"4256074",New England Patriots,DT,76,338,28,BYU,"95",4
Keion White,"4243493",New England Patriots,DE,77,285,26,Georgia Tech,"99",2
Milton Williams,"4239699",New England Patriots,DE,75,290,25,Louisiana Tech,"97",4
Ugo Amadi,"3886834",New Orleans Saints,S,69,201,27,Oregon,"0",6
Ryder Anderson,"4242430",New Orleans Saints,DT,78,280,26,Indiana,"57",2
Khristian Boyd,"4384595",New Orleans Saints,DT,74,320,25,Northern Iowa,"97",0
Millard Bradford,"4569352",New Orleans Saints,S,70,191,25,TCU,"38",0
Bryan Bresee,"4428988",New Orleans Saints,DT,77,305,23,Clemson,"90",2
Demario Davis,"14958",New Orleans Saints,LB,74,248,36,Arkansas State,"56",13
Travion Fluellen,"4573428",New Orleans Saints,CB,74,210,24,Middle Tennessee,"26",0
Jaylan Ford,"4566088",New Orleans Saints,LB,74,240,23,Texas,"53",0
Isaiah Foskey,"4426457",New Orleans Saints,DE,77,270,24,Notre Dame,"55",2
Davon Godchaux,"3115383",New Orleans Saints,DT,75,330,30,LSU,"92",8
Carl Granderson,"3918310",New Orleans Saints,DE,77,261,28,Wyoming,"96",6
J.T. Gray,"3115481",New Orleans Saints,S,72,202,29,Mississippi State,"48",7
Jordan Howden,"4360949",New Orleans Saints,S,72,209,24,Minnesota,"31",2
D'Marco Jackson,"4241007",New Orleans Saints,LB,73,233,26,App State,"52",3
Cameron Jordan,"13971",New Orleans Saints,DE,76,287,35,California,"94",14
Tyrann Mathieu,"15851",New Orleans Saints,S,69,190,32,LSU,"32",12
Kool-Aid McKinstry,"4433975",New Orleans Saints,CB,71,199,22,Alabama,"14",0
Anfernee Orji,"4567535",New Orleans Saints,LB,74,230,24,Vanderbilt,"58",1
Rico Payton,"4368350",New Orleans Saints,CB,72,182,25,Pitt St,"36",0
Justin Reid,"3931399",New Orleans Saints,S,73,207,28,Stanford,na,7
John Ridgeway III,"4248047",New Orleans Saints,DT,77,321,25,Arkansas,"95",3
Khalen Saunders,"3121634",New Orleans Saints,DT,72,324,28,Western Illinois,"50",6
Nephi Sewell,"4241611",New Orleans Saints,LB,72,228,26,Utah,"45",2
Nathan Shepherd,"4076951",New Orleans Saints,DT,76,315,31,Fort Hays State,"93",7
Isaiah Stalbird,"4361194",New Orleans Saints,LB,73,215,24,South Dakota State,"44",0
Alontae Taylor,"4369835",New Orleans Saints,CB,73,199,26,Tennessee,"1",3
Pete Werner,"4241993",New Orleans Saints,LB,75,242,25,Ohio State,"20",4
Jonah Williams,"4032481",New Orleans Saints,DE,77,275,29,Weber State,na,4
Rejzohn Wright,"4696043",New Orleans Saints,CB,74,193,24,Oregon State,"28",1
Isaac Yiadom,"3122797",New Orleans Saints,CB,73,188,29,Boston College,na,7
Chase Young,"4241986",New Orleans Saints,DE,77,265,25,Ohio State,"99",5
Paulson Adebo,"4242547",New York Giants,CB,73,192,25,Stanford,"29",4
Deonte Banks,"4428328",New York Giants,CB,74,200,24,Maryland,"2",2
Dane Belton,"4426686",New York Giants,S,73,190,24,Iowa,"24",3
Ross Blacklock,"4038557",New York Giants,DT,75,290,26,TCU,"66",4
Chris Board,"3060403",New York Giants,LB,74,240,29,North Dakota State,na,7
Brian Burns,"4035631",New York Giants,LB,77,250,26,Florida State,"0",6
Elijah Chatman,"4429392",New York Giants,DT,72,278,24,SMU,"94",0
D.J. Davidson,"4242899",New York Giants,DT,77,320,27,Arizona State,"98",3
Victor Dimukeje,"4240464",New York Giants,LB,74,262,25,Duke,na,4
Cory Durden,"4240042",New York Giants,DT,76,305,26,NC State,"69",1
Demetrius Flannigan-Fowles,"3931424",New York Giants,LB,74,223,28,Arizona,na,5
Cor'Dale Flott,"4429607",New York Giants,CB,74,175,23,LSU,"28",3
Tomon Fox,"4037520",New York Giants,LB,74,245,27,North Carolina,"45",2
Elijah Garcia,"4039170",New York Giants,DE,77,302,27,Rice,"90",2
Chauncey Golston,"4036132",New York Giants,DE,77,268,27,Iowa,na,0
Art Green,"4689674",New York Giants,CB,74,200,24,Houston,"35",1
Tre Hawkins III,"4686553",New York Giants,CB,75,195,24,Old Dominion,"37",2
Jevon Holland,"4373809",New York Giants,S,73,207,25,Oregon,na,4
Dyontae Johnson,"4362280",New York Giants,LB,74,230,24,Toledo,"54",1
Anthony Johnson Jr.,"4361748",New York Giants,S,72,205,25,Iowa State,"23",2
Nic Jones,"4427636",New York Giants,CB,72,189,23,Ball State,na,2
Dexter Lawrence II,"4035483",New York Giants,DT,76,340,27,Clemson,"97",6
Raheem Layne,"4258237",New York Giants,S,71,192,25,Indiana,"43",3
Jeremiah Ledbetter,"3892689",New York Giants,DT,75,299,30,Arkansas,na,3
Micah McFadden,"4371961",New York Giants,LB,74,232,25,Indiana,"41",3
Darius Muasau,"4428072",New York Giants,LB,72,234,24,UCLA,"53",0
Tyler Nubin,"4430261",New York Giants,S,74,210,23,Minnesota,"31",0
Rakeem Nunez-Roches,"2575453",New York Giants,DT,74,305,31,Southern Miss,"93",10
Bobby Okereke,"3117253",New York Giants,LB,74,235,28,Stanford,"58",6
Dru Phillips,"4431321",New York Giants,CB,71,180,23,Kentucky,"22",0
Jordon Riley,"4240677",New York Giants,DT,77,315,26,Oregon,"95",2
Roy Robertson-Harris,"2574891",New York Giants,DT,77,290,31,UTEP,"98",8
Casey Rogers,"4361189",New York Giants,DT,77,305,26,Oregon,"91",0
Ty Summers,"3116431",New York Giants,LB,73,241,29,TCU,"47",6
Kayvon Thibodeaux,"4426326",New York Giants,LB,77,258,24,Oregon,"5",3
Dee Williams,"5081362",New York Giants,CB,70,190,25,Tennessee,"33",0
Tony Adams,"4240532",New York Jets,S,71,203,26,Illinois,"22",3
Zaire Barnes,"4362234",New York Jets,LB,73,227,25,Western Michigan,"53",2
Jarrick Bernard-Converse,"4361834",New York Jets,CB,73,205,24,LSU,"29",2
Kris Boyd,"3929845",New York Jets,CB,71,201,28,Texas,na,7
Michael Carter II,"4240456",New York Jets,CB,70,184,26,Duke,"30",4
Jimmy Ciarlo,"4689804",New York Jets,LB,74,225,24,Army,"45",0
Andre Cisco,"4361939",New York Jets,S,72,210,25,Syracuse,na,4
Micheal Clemons,"4240896",New York Jets,DE,77,263,27,Texas A&M,"72",3
Byron Cowart,"3916922",New York Jets,DT,75,300,28,Maryland,"93",4
Jamin Davis,"4240778",New York Jets,LB,76,234,26,Kentucky,"50",4
Sauce Gardner,"4427250",New York Jets,CB,75,190,24,Cincinnati,"1",3
Jermaine Johnson,"4567962",New York Jets,LB,77,262,26,Florida State,"11",3
Phidarian Mathis,"4241468",New York Jets,DT,76,312,26,Alabama,"51",3
Marcelino McCrary-Ball,"4045299",New York Jets,LB,72,214,26,Indiana,"41",1
Will McDonald IV,"4361767",New York Jets,DE,76,236,25,Iowa State,"99",2
Braiden McGregor,"4429005",New York Jets,DE,78,267,23,Michigan,"91",0
Jarius Monroe,"4430182",New York Jets,S,74,205,24,Tulane,"39",0
Derrick Nnadi,"3122930",New York Jets,DT,73,317,28,Florida State,na,7
Isaiah Oliver,"3915437",New York Jets,CB,72,202,28,Colorado,"23",7
Jamien Sherwood,"4361331",New York Jets,LB,74,216,25,Auburn,"44",4
Jaylin Simpson,"4567225",New York Jets,S,72,179,25,Auburn,"25",0
Jackson Sirmon,"4361101",New York Jets,LB,74,240,24,California,"49",0
Brandon Stephens,"4035824",New York Jets,CB,73,215,27,SMU,na,4
Qwan'tez Stiggers,"5208977",New York Jets,CB,72,197,23,na,"37",1
Tre Swilling,"4240476",New York Jets,CB,72,196,26,Georgia Tech,"31",1
Leonard Taylor III,"4431598",New York Jets,DT,75,305,22,Miami,"96",0
Jay Tufele,"4259647",New York Jets,DT,75,305,25,USC,na,5
Eric Watts,"4569016",New York Jets,DE,77,277,24,UConn,"58",0
Rashad Weaver,"4036076",New York Jets,LB,76,259,27,Pittsburgh,na,4
Quincy Williams,"3110565",New York Jets,LB,71,230,28,Murray State,"56",6
Quinnen Williams,"4040982",New York Jets,DT,75,303,27,Alabama,"95",6
Zack Baun,"3917657",Philadelphia Eagles,LB,75,225,28,Wisconsin,"53",5
Reed Blankenship,"4243956",Philadelphia Eagles,S,73,203,26,Middle Tennessee,"32",3
Thomas Booker IV,"4360749",Philadelphia Eagles,DT,75,301,25,Stanford,"59",2
Sydney Brown,"4360386",Philadelphia Eagles,S,70,211,25,Illinois,"21",2
Jalen Carter,"4685759",Philadelphia Eagles,DT,75,314,23,Georgia,"98",2
Tariq Castro-Fields,"4259590",Philadelphia Eagles,CB,73,197,26,Penn State,"46",3
Lewis Cine,"4426536",Philadelphia Eagles,S,74,199,25,Georgia,"38",3
Jordan Davis,"4381558",Philadelphia Eagles,DT,78,336,25,Georgia,"90",3
Nakobe Dean,"4426340",Philadelphia Eagles,LB,71,231,24,Georgia,"17",3
Cooper DeJean,"4682618",Philadelphia Eagles,CB,72,198,22,Iowa,"33",0
Dallas Gant,"4361348",Philadelphia Eagles,LB,74,224,24,Toledo,"52",0
Brandon Graham,"13239",Philadelphia Eagles,DE,74,265,36,Michigan,"55",15
Gabe Hall,"4429731",Philadelphia Eagles,DT,78,295,24,Baylor,"96",0
KJ Henry,"4360308",Philadelphia Eagles,DE,76,255,26,Clemson,"50",2
Bryce Huff,"4039375",Philadelphia Eagles,DE,75,255,26,Memphis,"0",5
Jalyx Hunt,"4571162",Philadelphia Eagles,LB,75,252,24,Houston Christian,"58",0
Adoree' Jackson,"3120347",Philadelphia Eagles,CB,71,185,29,USC,"21",8
Patrick Johnson,"4243916",Philadelphia Eagles,LB,74,248,27,Tulane,na,4
Ochaun Mathis,"4362486",Philadelphia Eagles,LB,77,260,26,Nebraska,"45",2
Tristin McCollum,"4250393",Philadelphia Eagles,S,75,195,25,Sam Houston,"36",1
Quinyon Mitchell,"4686273",Philadelphia Eagles,CB,72,193,23,Toledo,"27",0
Parry Nickerson,"3041098",Philadelphia Eagles,CB,70,182,30,Tulane,"30",5
Moro Ojomo,"4362116",Philadelphia Eagles,DT,75,292,23,Texas,"97",2
Azeez Ojulari,"4379409",Philadelphia Eagles,DE,75,240,24,Georgia,na,5
Eli Ricks,"4429011",Philadelphia Eagles,CB,74,188,23,Alabama,"23",2
Kelee Ringo,"4428992",Philadelphia Eagles,CB,74,207,22,Georgia,"22",2
Andre' Sam,"4250510",Philadelphia Eagles,S,70,194,26,LSU,"31",0
Nolan Smith Jr.,"4426331",Philadelphia Eagles,LB,74,238,24,Georgia,"3",2
Jeremiah Trotter Jr.,"4432777",Philadelphia Eagles,LB,72,225,22,Clemson,"54",0
Joshua Uche,"4046528",Philadelphia Eagles,LB,73,240,26,Michigan,na,5
Ben VanSumeren,"4372070",Philadelphia Eagles,LB,74,231,24,Michigan State,"57",2
A.J. Woods,"4428932",Philadelphia Eagles,CB,69,186,24,Pittsburgh,"39",0
Byron Young,"4567123",Philadelphia Eagles,DT,75,292,24,Alabama,"94",2
Montravius Adams,"3051894",Pittsburgh Steelers,DT,76,304,29,Auburn,"57",8
Keeanu Benton,"4426694",Pittsburgh Steelers,DT,76,309,23,Wisconsin,"95",2
Beanie Bishop Jr.,"4363052",Pittsburgh Steelers,CB,69,182,25,West Virginia,"31",0
Joshuah Bledsoe,"4241199",Pittsburgh Steelers,S,71,201,26,Missouri,na,3
Domenique Davis,"4590720",Pittsburgh Steelers,DT,74,326,29,UNC Pembroke,"69",1
Brandin Echols,"4567979",Pittsburgh Steelers,CB,70,179,27,Kentucky,na,4
Daniel Ekuale,"3052059",Pittsburgh Steelers,DT,75,310,31,Washington State,na,6
DeShon Elliott,"3929846",Pittsburgh Steelers,S,72,210,27,Texas,"25",7
Minkah Fitzpatrick,"3925345",Pittsburgh Steelers,S,73,207,28,Alabama,"39",7
Devin Harper,"4038436",Pittsburgh Steelers,LB,72,234,26,Oklahoma State,"40",3
Malik Harrison,"4040615",Pittsburgh Steelers,LB,75,255,27,Ohio State,na,5
Nick Herbig,"4429164",Pittsburgh Steelers,LB,74,240,23,Wisconsin,"51",2
Cameron Heyward,"13977",Pittsburgh Steelers,DT,77,295,35,Ohio State,"97",14
Alex Highsmith,"4037333",Pittsburgh Steelers,LB,76,242,27,Charlotte,"56",5
Cole Holcomb,"3116689",Pittsburgh Steelers,LB,73,240,28,North Carolina,"55",6
D'Shawn Jamison,"4362082",Pittsburgh Steelers,CB,69,186,25,Texas,"5",2
Miles Killebrew,"2575164",Pittsburgh Steelers,S,74,222,31,Southern Utah,"28",9
DeMarvin Leal,"4426359",Pittsburgh Steelers,DE,76,290,24,Texas A&M,"98",3
Logan Lee,"4569474",Pittsburgh Steelers,DT,77,286,24,Iowa,"91",0
Eku Leota,"4361272",Pittsburgh Steelers,LB,76,257,25,Auburn,"53",2
Isaiahh Loudermilk,"4035798",Pittsburgh Steelers,DT,79,293,27,Wisconsin,"92",4
Dean Lowry,"2974348",Pittsburgh Steelers,DT,78,296,30,Northwestern,"94",9
Cameron McCutcheon,"4365971",Pittsburgh Steelers,CB,73,204,24,Western Carolina,na,1
Kyler McMichael,"4360313",Pittsburgh Steelers,CB,72,210,25,North Carolina,"42",2
Jeremiah Moon,"4034959",Pittsburgh Steelers,LB,77,247,26,Florida,"49",2
Esezi Otomewo,"4240759",Pittsburgh Steelers,DT,77,282,26,Minnesota,na,3
James Pierre,"4259252",Pittsburgh Steelers,CB,74,185,28,Florida Atlantic,"42",5
Joey Porter Jr.,"4426506",Pittsburgh Steelers,CB,74,193,24,Penn State,"24",2
Patrick Queen,"4242207",Pittsburgh Steelers,LB,72,232,25,LSU,"6",5
Mark Robinson,"4249342",Pittsburgh Steelers,LB,71,235,25,Ole Miss,"93",3
Thomas Rush,"4360947",Pittsburgh Steelers,LB,75,251,25,Minnesota,na,1
Jacob Slade,"4382475",Pittsburgh Steelers,DT,76,305,25,Michigan State,"79",1
Darius Slay Jr.,"15863",Pittsburgh Steelers,CB,72,190,34,Mississippi State,na,12
Juan Thornhill,"3917909",Pittsburgh Steelers,S,72,205,29,Virginia,na,7
Cory Trice Jr.,"4372492",Pittsburgh Steelers,CB,75,206,24,Purdue,"27",2
T.J. Watt,"3045282",Pittsburgh Steelers,LB,76,252,30,Wisconsin,"90",8
Ryan Watts,"4685092",Pittsburgh Steelers,CB,75,212,23,Texas,"29",0
Julius Welschof,"4372098",Pittsburgh Steelers,LB,78,265,28,Charlotte,"45",0
Payton Wilson,"4361652",Pittsburgh Steelers,LB,76,242,24,NC State,"41",0
Evan Anderson,"4612182",San Francisco 49ers,DT,75,326,23,Florida Atlantic,"69",0
Tre Avery,"4259300",San Francisco 49ers,CB,71,181,28,Rutgers,"30",3
Alex Barrett,"2976114",San Francisco 49ers,DE,74,250,31,San Diego State,"58",2
Robert Beal Jr.,"4259558",San Francisco 49ers,DE,76,250,25,Georgia,"51",2
Tatum Bethune,"4426698",San Francisco 49ers,LB,72,229,24,Florida State,"48",0
Nick Bosa,"4040605",San Francisco 49ers,DE,76,266,27,Ohio State,"97",6
Ji'Ayir Brown,"4693644",San Francisco 49ers,S,71,202,25,Penn State,"27",2
Tre Brown,"4241373",San Francisco 49ers,CB,70,185,27,Oklahoma,na,5
Kalia Davis,"4243541",San Francisco 49ers,DT,74,310,26,UCF,"93",3
Jordan Elliott,"4039052",San Francisco 49ers,DT,76,303,27,Missouri,"92",5
Jonathan Garvin,"4240655",San Francisco 49ers,DE,76,257,25,Miami,"96",4
Luke Gifford,"3116097",San Francisco 49ers,LB,75,243,29,Nebraska,na,7
Kevin Givens,"3929641",San Francisco 49ers,DT,73,285,28,Penn State,"90",5
Jalen Graham,"4570410",San Francisco 49ers,LB,75,220,24,Purdue,"41",2
Richie Grant,"4042119",San Francisco 49ers,S,72,204,27,UCF,na,4
Renardo Green,"4427325",San Francisco 49ers,CB,72,186,24,Florida State,"0",0
Yetur Gross-Matos,"4259594",San Francisco 49ers,DE,77,265,27,Penn State,"94",5
Drake Jackson,"4569511",San Francisco 49ers,DE,76,273,23,USC,"95",3
Tarron Jackson,"4052031",San Francisco 49ers,DE,74,254,26,Coastal Carolina,na,3
Quindell Johnson,"4371731",San Francisco 49ers,S,74,208,25,Memphis,na,2
Deommodore Lenoir,"4242488",San Francisco 49ers,CB,70,200,25,Oregon,"2",4
Chase Lucas,"4047846",San Francisco 49ers,CB,71,184,28,Arizona State,"26",3
Darrell Luter Jr.,"4685978",San Francisco 49ers,CB,72,190,24,South Alabama,"28",2
Jaylen Mahoney,"4567534",San Francisco 49ers,S,71,200,24,Vanderbilt,"38",0
Malik Mustapha,"4696211",San Francisco 49ers,S,70,206,22,Wake Forest,"6",0
Siran Neal,"3057524",San Francisco 49ers,CB,72,206,30,Jacksonville State,na,7
George Odum,"3050199",San Francisco 49ers,S,73,202,31,Central Arkansas,"30",7
Sam Okuayinonu,"4569497",San Francisco 49ers,DT,73,269,26,Maryland,"91",2
Jason Pinnock,"4240706",San Francisco 49ers,S,72,200,25,Pittsburgh,na,5
Curtis Robinson,"4044448",San Francisco 49ers,LB,75,235,26,Stanford,"36",3
Tre Tomlinson,"4427493",San Francisco 49ers,CB,69,177,25,TCU,na,2
Fred Warner,"3138826",San Francisco 49ers,LB,75,230,28,BYU,"54",7
DaShaun White,"4360289",San Francisco 49ers,LB,72,218,25,Oklahoma,"47",1
Dee Winters,"4428914",San Francisco 49ers,LB,71,227,24,TCU,"53",2
D'Anthony Bell,"4608386",Seattle Seahawks,S,73,211,28,W Florida,na,3
Quinton Bohanna,"4259978",Seattle Seahawks,DT,76,330,26,Kentucky,"92",4
Coby Bryant,"4239094",Seattle Seahawks,CB,73,193,26,Cincinnati,"8",3
Michael Dowell,"4382464",Seattle Seahawks,LB,73,221,25,Miami (OH),"46",0
AJ Finley,"4427190",Seattle Seahawks,S,72,188,23,Ole Miss,"30",2
Derick Hall,"4567226",Seattle Seahawks,LB,75,254,24,Auburn,"58",2
Tyler Hall,"4048718",Seattle Seahawks,CB,70,190,26,Wyoming,"33",4
Shemar Jean-Charles,"4036430",Seattle Seahawks,CB,70,184,26,App State,na,4
Josh Jobe,"4372020",Seattle Seahawks,CB,71,190,26,Alabama,"29",3
Ernest Jones IV,"4362851",Seattle Seahawks,LB,74,230,25,South Carolina,"13",4
Tyrice Knight,"4686540",Seattle Seahawks,LB,72,233,24,UTEP,"48",0
DeMarcus Lawrence,"16802",Seattle Seahawks,DE,75,265,32,Boise State,na,11
Julian Love,"4046675",Seattle Seahawks,S,71,195,27,Notre Dame,"20",6
Boye Mafe,"4240754",Seattle Seahawks,LB,76,261,26,Minnesota,"53",3
Mike Morris,"4572055",Seattle Seahawks,DE,78,295,23,Michigan,"94",2
Byron Murphy II,"4570040",Seattle Seahawks,DT,72,306,22,Texas,"91",0
Uchenna Nwosu,"3120358",Seattle Seahawks,LB,74,251,28,USC,"10",7
Patrick O'Connell,"4364623",Seattle Seahawks,LB,73,227,26,Montana,"52",1
Kenneth Odumegwu,"5149889",Seattle Seahawks,LB,78,259,24,na,"77",1
Ty Okada,"4247808",Seattle Seahawks,S,71,193,25,Montana State,"39",1
Brandon Pili,"4259651",Seattle Seahawks,DT,75,334,26,USC,"76",2
Nehemiah Pritchett,"4567222",Seattle Seahawks,CB,73,184,24,Auburn,"28",0
Jarran Reed,"3115312",Seattle Seahawks,DT,75,306,32,Alabama,"90",9
Jerrick Reed II,"4570084",Seattle Seahawks,S,69,196,24,New Mexico,"32",2
Josh Ross,"4258198",Seattle Seahawks,LB,72,229,25,Michigan,"18",2
Jamie Sheriff,"4685984",Seattle Seahawks,LB,73,254,24,South Alabama,"44",0
Tyreke Smith,"4361340",Seattle Seahawks,LB,75,255,25,Ohio State,"59",3
Drake Thomas,"4428659",Seattle Seahawks,LB,71,228,25,NC State,"42",2
Damarion Williams,"4567480",Seattle Seahawks,CB,70,183,26,Houston,"37",3
Leonard Williams,"2971622",Seattle Seahawks,DE,77,300,30,USC,"99",10
Devon Witherspoon,"4575431",Seattle Seahawks,CB,72,185,24,Illinois,"21",2
JT Woods,"4362917",Seattle Seahawks,S,74,193,24,Baylor,na,3
Riq Woolen,"4245185",Seattle Seahawks,CB,76,210,25,UTSA,"27",3
Cameron Young,"4362911",Seattle Seahawks,DT,75,304,24,Mississippi State,"93",2
Eric Banks,"4040703",Tampa Bay Buccaneers,DE,77,274,27,UTSA,"93",2
Marcus Banks,"4567109",Tampa Bay Buccaneers,S,72,190,24,Mississippi State,"39",0
Chris Braswell,"4428989",Tampa Bay Buccaneers,LB,75,255,23,Alabama,"43",0
C.J. Brewer,"4052017",Tampa Bay Buccaneers,DT,74,290,27,Coastal Carolina,"95",1
Lavonte David,"14985",Tampa Bay Buccaneers,LB,73,233,35,Nebraska,"54",13
Jamel Dean,"3873935",Tampa Bay Buccaneers,CB,73,206,28,Auburn,"35",6
SirVocea Dennis,"4429511",Tampa Bay Buccaneers,LB,72,230,25,Pittsburgh,"8",2
Yaya Diaby,"4686334",Tampa Bay Buccaneers,LB,76,270,25,Louisville,"0",2
Dallis Flowers,"4917592",Tampa Bay Buccaneers,CB,73,196,27,Pitt St,"28",3
Tyrek Funderburk,"4367330",Tampa Bay Buccaneers,CB,72,185,24,App State,"24",0
Greg Gaines,"3127294",Tampa Bay Buccaneers,DT,73,312,28,Washington,"96",6
Adam Gotsis,"2971498",Tampa Bay Buccaneers,DT,76,287,32,Georgia Tech,"97",9
Mike Greene,"4249596",Tampa Bay Buccaneers,DE,75,293,25,James Madison,"91",2
Antonio Grier Jr.,"4360864",Tampa Bay Buccaneers,LB,73,230,25,Arkansas,"48",0
Daniel Grzesiak,"4361448",Tampa Bay Buccaneers,LB,73,245,24,Cincinnati,"57",0
Bryce Hall,"4037584",Tampa Bay Buccaneers,CB,73,202,27,Virginia,"34",5
Logan Hall,"4360189",Tampa Bay Buccaneers,DE,78,283,24,Houston,"90",3
Josh Hayes,"4248533",Tampa Bay Buccaneers,S,72,190,25,Kansas State,"32",2
Christian Izien,"4372459",Tampa Bay Buccaneers,S,70,200,24,Rutgers,"29",2
Deion Jennings,"4372461",Tampa Bay Buccaneers,LB,72,230,24,Rutgers,na,0
Deion Jones,"2976545",Tampa Bay Buccaneers,LB,73,222,30,LSU,"45",9
Calijah Kancey,"4427673",Tampa Bay Buccaneers,DT,72,280,24,Pittsburgh,"94",2
Zyon McCollum,"4250392",Tampa Bay Buccaneers,CB,74,199,25,Sam Houston,"27",3
Kaevon Merriweather,"4360502",Tampa Bay Buccaneers,S,72,207,25,Iowa,"26",2
Anthony Nelson,"3894856",Tampa Bay Buccaneers,LB,79,271,28,Iowa,"98",6
Jose Ramirez,"4569068",Tampa Bay Buccaneers,LB,74,252,25,Eastern Michigan,"33",1
Haason Reddick,"2980504",Tampa Bay Buccaneers,DE,73,240,30,Temple,"7",8
Tykee Smith,"4428522",Tampa Bay Buccaneers,S,70,202,24,Georgia,"23",0
Vita Vea,"3134362",Tampa Bay Buccaneers,DT,76,347,30,Washington,"50",7
Kindle Vildor,"4036651",Tampa Bay Buccaneers,CB,71,189,27,Georgia Southern,na,5
Anthony Walker Jr.,"3045251",Tampa Bay Buccaneers,LB,73,235,29,Northwestern,na,8
Markees Watts,"4373706",Tampa Bay Buccaneers,LB,73,240,25,Charlotte,"58",2
Antoine Winfield Jr.,"4034790",Tampa Bay Buccaneers,S,69,203,26,Minnesota,"31",5
Rashad Wisdom,"4428917",Tampa Bay Buccaneers,S,69,210,23,UTSA,"38",0
McTelvin Agim,"4035566",Tennessee Titans,DT,75,300,27,Arkansas,"73",3
Abdullah Anderson,"3119119",Tennessee Titans,DT,76,295,29,Bucknell,"94",4
Darrell Baker Jr.,"4036660",Tennessee Titans,CB,73,190,27,Georgia Southern,"39",2
Cody Barton,"3926229",Tennessee Titans,LB,74,237,28,Utah,na,6
Curtis Bolton III,"3116367",Tennessee Titans,LB,72,228,29,Oklahoma,"53",4
Kendell Brooks,"4585317",Tennessee Titans,S,72,206,25,Michigan State,"30",1
Mike Brown,"4244310",Tennessee Titans,S,73,215,25,Miami (OH),"44",2
Jarvis Brownlee Jr.,"4426817",Tennessee Titans,CB,70,194,23,Louisville,"29",0
Lorenzo Carter,"3128715",Tennessee Titans,LB,77,265,29,Georgia,na,7
Keondre Coburn,"4362117",Tennessee Titans,DT,74,332,24,Texas,"91",2
Khalid Duke,"4427108",Tennessee Titans,LB,75,246,24,Kansas State,"47",0
Ali Gaye,"4243321",Tennessee Titans,LB,78,265,26,LSU,"99",1
Cedric Gray,"4429834",Tennessee Titans,LB,74,234,22,North Carolina,"51",0
Justin Hardee Sr.,"2970625",Tennessee Titans,CB,72,200,31,Illinois,"26",8
Jaylen Harrell,"4429058",Tennessee Titans,LB,76,247,22,Michigan,"92",0
Amani Hooker,"4036134",Tennessee Titans,S,71,210,26,Iowa,"37",6
Isaiah Iton,"4570970",Tennessee Titans,DT,74,277,23,Rutgers,"95",0
Curtis Jacobs,"4429097",Tennessee Titans,LB,73,241,23,Penn State,na,0
Gabe Jeudy-Lally,"4567529",Tennessee Titans,CB,73,189,24,Tennessee,"32",0
Kyron Johnson,"4241302",Tennessee Titans,LB,72,235,26,Kansas,"59",3
Dre'Mont Jones,"3915525",Tennessee Titans,DE,75,281,28,Ohio State,na,6
Sebastian Joseph-Day,"3047495",Tennessee Titans,DT,76,310,30,Rutgers,"69",7
Arden Key,"3843843",Tennessee Titans,LB,77,240,28,LSU,"49",7
Harold Landry III,"3122793",Tennessee Titans,LB,74,252,28,Boston College,"58",7
Roger McCreary,"4371973",Tennessee Titans,CB,71,190,25,Auburn,"21",3
Gervarrius Owens,"4567482",Tennessee Titans,S,72,200,25,Houston,"33",2
Otis Reese IV,"4379411",Tennessee Titans,LB,75,214,26,Ole Miss,"41",2
Jeffery Simmons,"4035369",Tennessee Titans,DT,76,305,27,Mississippi State,"98",6
L'Jarius Sneed,"4040432",Tennessee Titans,CB,73,192,28,Louisiana Tech,"38",5
T'Vondre Sweat,"4428617",Tennessee Titans,DT,76,362,23,Texas,"93",0
James Williams,"4431613",Tennessee Titans,LB,76,232,22,Miami,"52",0
Julius Wood,"4872841",Tennessee Titans,S,73,193,23,East Carolina,"24",0
Xavier Woods,"3040572",Tennessee Titans,S,71,200,29,Louisiana Tech,na,8
Dorance Armstrong,"3928979",Washington Commanders,DE,76,255,27,Kansas,"92",7
Nick Bellore,"14471",Washington Commanders,LB,73,250,35,Central Michigan,"57",14
Percy Butler,"4363097",Washington Commanders,S,72,191,24,Louisiana,"35",3
Sheldon Day,"2976194",Washington Commanders,DT,73,285,30,Notre Dame,"64",8
Viliami Fehoko Jr.,"4374148",Washington Commanders,DE,76,267,25,San Jos State,"72",2
Clelin Ferrell,"3728258",Washington Commanders,DE,76,265,27,Clemson,"99",6
Allan George,"4242655",Washington Commanders,CB,73,195,25,Vanderbilt,na,2
Eddie Goldman,"2969924",Washington Commanders,DT,75,325,31,Florida State,na,7
Dominique Hampton,"4361094",Washington Commanders,S,75,220,24,Washington,"45",0
Will Harris,"3915297",Washington Commanders,CB,73,206,29,Boston College,na,6
Jalyn Holmes,"3121414",Washington Commanders,DT,77,283,29,Ohio State,"96",5
Noah Igbinoghene,"4242516",Washington Commanders,CB,71,197,25,Auburn,"1",5
Javontae Jean-Baptiste,"4361357",Washington Commanders,DE,77,260,24,Notre Dame,"90",0
Jonathan Jones,"2971027",Washington Commanders,CB,69,185,31,Auburn,na,9
Andre Jones Jr.,"4249214",Washington Commanders,DE,77,258,26,Louisiana,"50",2
Javon Kinlaw,"4259491",Washington Commanders,DT,77,319,27,South Carolina,"54",5
Marshon Lattimore,"3121421",Washington Commanders,CB,72,192,28,Ohio State,"23",8
Frankie Luvu,"3127273",Washington Commanders,LB,75,236,28,Washington State,"4",7
Jordan Magee,"4568617",Washington Commanders,LB,75,226,24,Temple,"58",0
Jacob Martin,"3138764",Washington Commanders,DE,74,242,29,Temple,na,8
Quan Martin,"4360378",Washington Commanders,S,72,195,24,Illinois,"20",2
Jer'Zhan Newton,"4430560",Washington Commanders,DT,74,295,22,Illinois,"95",0
Ben Nikkel,"4874465",Washington Commanders,S,73,210,23,Iowa State,"48",0
Tyler Owens,"4572460",Washington Commanders,S,74,213,23,Texas Tech,"40",0
Daron Payne,"3925354",Washington Commanders,DT,75,320,27,Alabama,"94",7
Norell Pollard,"4430326",Washington Commanders,DT,72,285,25,Virginia Tech,"96",0
Bobby Price,"4030779",Washington Commanders,CB,76,205,26,Norfolk State,"37",5
Jeremy Reaves,"3125248",Washington Commanders,S,71,200,28,South Alabama,"39",5
Mike Sainristil,"4428414",Washington Commanders,CB,70,182,24,Michigan,"0",0
Kevon Seymour,"2971603",Washington Commanders,CB,72,185,31,USC,"38",7
Bobby Wagner,"14979",Washington Commanders,LB,72,241,34,Utah State,"54",13
Deatrich Wise Jr.,"2980080",Washington Commanders,DE,77,280,30,Arkansas,na,9
