"game_id","ref1","ref2","ref3","ref4","ref5","ref6","ref7"
"401671809","","","","","","",""
"401671809","","","","","","",""
"401671728",Terry Brown,Terrence Miles,David Meslow,Scott Novak,Mark Pellis,Mark Stewart,Brian Sakowski
"401671728",Terry Brown,Terrence Miles,David Meslow,Scott Novak,Mark Pellis,Mark Stewart,Brian Sakowski
"401671493",Carl Paganelli,Pat Turner,Mearl Robinson,Don Willard,Grantis Bell,Thomas Eaton,Tra Blake
"401671493",Carl Paganelli,Pat Turner,Mearl Robinson,Don Willard,Grantis Bell,Thomas Eaton,Tra Blake
"401671704",Kent Payne,Greg Yette,Bryan Neale,Kevin Codey,Bradley Rogers,Anthony Jeffries,Joe Blubaugh
"401671704",Kent Payne,Greg Yette,Bryan Neale,Kevin Codey,Bradley Rogers,Anthony Jeffries,Joe Blubaugh
"401671629",Bruce Stritesky,Bill Vinovich,Jimmy Buchanan,Todd Prukop,Aaron Santi,Daniel Gallagher,Dale Keller
"401671629",Bruce Stritesky,Bill Vinovich,Jimmy Buchanan,Todd Prukop,Aaron Santi,Daniel Gallagher,Dale Keller
"401671822",Rusty Baynes,Sean Petty,Scott Helverson,Alex Kemp,Mike Morton,Lo van Pham,Robert Richeson
"401671822",Rusty Baynes,Sean Petty,Scott Helverson,Alex Kemp,Mike Morton,Lo van Pham,Robert Richeson
"401671711",Rick Patterson,Sarah Thomas,Brad Allen,Chad Hill,Duane Heydt,Walter Flowers,Tyree Walton
"401671711",Rick Patterson,Sarah Thomas,Brad Allen,Chad Hill,Duane Heydt,Walter Flowers,Tyree Walton
"401671650",Barry Anderson,Ronald Torbert,Keith Washington,Ryan Dickson,Tony Josselyn,Brian Bolinger,Frank LeBlanc
"401671650",Barry Anderson,Ronald Torbert,Keith Washington,Ryan Dickson,Tony Josselyn,Brian Bolinger,Frank LeBlanc
"401671623",Trawick Boger,Adrian Hill,Greg Steed,Roy Ellison,Greg Bradley,Clay Reynard,David Oliver
"401671623",Trawick Boger,Adrian Hill,Greg Steed,Roy Ellison,Greg Bradley,Clay Reynard,David Oliver
"401671797",Derick Bowers,Greg Meyer,Tab Slaughter,Dale Shaw,John Jenkins,Alan Eck,Derek Anderson
"401671797",Derick Bowers,Greg Meyer,Tab Slaughter,Dale Shaw,John Jenkins,Alan Eck,Derek Anderson
"401671661",Carl Cheffers,Martin Hankins,Eugene Hall,Mike Carr,Nathan Jones,Robin DeLorenzo,Brandon Cruse
"401671661",Carl Cheffers,Martin Hankins,Eugene Hall,Mike Carr,Nathan Jones,Robin DeLorenzo,Brandon Cruse
"401671767",Clete Blakeman,James Coleman,Dana McKenzie,Julian Mapp,Jonah Monroe,Scott Campbell,Karina Tovar
"401671767",Clete Blakeman,James Coleman,Dana McKenzie,Julian Mapp,Jonah Monroe,Scott Campbell,Karina Tovar
"401671776",Greg Wilson,Clay Martin,Jerod Phillips,Dave Hawkshaw,Alonzo Ramsey III,James Carter II,Brian Perry
"401671776",Greg Wilson,Clay Martin,Jerod Phillips,Dave Hawkshaw,Alonzo Ramsey III,James Carter II,Brian Perry
"401671647",Dino Paganelli,Dyrol Prioleau,Jeff Seeman,Boris Cheek,Shawn Smith,Alex Moore,Jay Bilbo
"401671647",Dino Paganelli,Dyrol Prioleau,Jeff Seeman,Boris Cheek,Shawn Smith,Alex Moore,Jay Bilbo
"401671688","","","","","","",""
"401671688","","","","","","",""
"401671813",Trawick Boger,Adrian Hill,Greg Steed,Roy Ellison,Greg Bradley,Clay Reynard,David Oliver
"401671813",Trawick Boger,Adrian Hill,Greg Steed,Roy Ellison,Greg Bradley,Clay Reynard,David Oliver
"401671869",Bill Vinovich,Jimmy Buchanan,Todd Prukop,Aaron Santi,Tripp Sutter,Dale Keller,Scott Walker
"401671869",Bill Vinovich,Jimmy Buchanan,Todd Prukop,Aaron Santi,Tripp Sutter,Dale Keller,Scott Walker
"401671642",Terry Brown,Terrence Miles,David Meslow,Scott Novak,Mark Pellis,Mark Stewart,Brian Sakowski
"401671642",Terry Brown,Terrence Miles,David Meslow,Scott Novak,Mark Pellis,Mark Stewart,Brian Sakowski
"401671824",Clete Blakeman,James Coleman,Dana McKenzie,Julian Mapp,Jonah Monroe,Scott Campbell,Karina Tovar
"401671824",Clete Blakeman,James Coleman,Dana McKenzie,Julian Mapp,Jonah Monroe,Scott Campbell,Karina Tovar
"401671851",Allen Baynes,John Hussey,Carl Johnson,Tony Michalek,Max Causey,Matt Edwards,Anthony Flemming
"401671851",Allen Baynes,John Hussey,Carl Johnson,Tony Michalek,Max Causey,Matt Edwards,Anthony Flemming
"401671701",Dino Paganelli,Dyrol Prioleau,Jeff Seeman,Carl Paganelli,Boris Cheek,Shawn Smith,Alex Moore
"401671701",Dino Paganelli,Dyrol Prioleau,Jeff Seeman,Carl Paganelli,Boris Cheek,Shawn Smith,Alex Moore
"401671746",Rusty Baynes,Sean Petty,Scott Helverson,Alex Kemp,Mike Morton,Lo van Pham,Robert Richeson
"401671746",Rusty Baynes,Sean Petty,Scott Helverson,Alex Kemp,Mike Morton,Lo van Pham,Robert Richeson
"401671782",Carl Paganelli,Pat Turner,Mearl Robinson,Don Willard,Grantis Bell,Thomas Eaton,Tra Blake
"401671782",Carl Paganelli,Pat Turner,Mearl Robinson,Don Willard,Grantis Bell,Thomas Eaton,Tra Blake
"401671630",Greg Wilson,Clay Martin,Jerod Phillips,Dave Hawkshaw,Alonzo Ramsey III,James Carter II,Brian Perry
"401671630",Greg Wilson,Clay Martin,Jerod Phillips,Dave Hawkshaw,Alonzo Ramsey III,James Carter II,Brian Perry
"401671748",Derick Bowers,Greg Meyer,Tab Slaughter,Dale Shaw,John Jenkins,Alan Eck,Derek Anderson
"401671748",Derick Bowers,Greg Meyer,Tab Slaughter,Dale Shaw,John Jenkins,Alan Eck,Derek Anderson
"401671757",Kent Payne,Greg Yette,Bryan Neale,Kevin Codey,Bradley Rogers,Anthony Jeffries,Joe Blubaugh
"401671757",Kent Payne,Greg Yette,Bryan Neale,Kevin Codey,Bradley Rogers,Anthony Jeffries,Joe Blubaugh
"401671665",Tom Stephan,Paul King,Brad Freeman,Jabir Walker,Land Clark,Dominique Pender,Jeff Hutcheon
"401671665",Tom Stephan,Paul King,Brad Freeman,Jabir Walker,Land Clark,Dominique Pender,Jeff Hutcheon
"401671675",Rick Patterson,Brad Allen,Chad Hill,Daniel Gallagher,Duane Heydt,Walter Flowers,Tyree Walton
"401671675",Rick Patterson,Brad Allen,Chad Hill,Daniel Gallagher,Duane Heydt,Walter Flowers,Tyree Walton
"401671694",Frank Steratore,Craig Wrolstad,Rich Martinez,Steve Woods,Danny Short,Jeff Shears,Brett Bergman
"401671694",Frank Steratore,Craig Wrolstad,Rich Martinez,Steve Woods,Danny Short,Jeff Shears,Brett Bergman
"401671834",Terry Brown,Terrence Miles,David Meslow,Scott Novak,Mark Pellis,Mark Stewart,Daniel Gallagher
"401671834",Terry Brown,Terrence Miles,David Meslow,Scott Novak,Mark Pellis,Mark Stewart,Daniel Gallagher
"401671836",Allen Baynes,John Hussey,Carl Johnson,Tony Michalek,Max Causey,Matt Edwards,Anthony Flemming
"401671836",Allen Baynes,John Hussey,Carl Johnson,Tony Michalek,Max Causey,Matt Edwards,Anthony Flemming
"401671827",Tom Stephan,Paul King,Brad Freeman,Jabir Walker,Land Clark,Dominique Pender,Jeff Hutcheon
"401671827",Tom Stephan,Paul King,Brad Freeman,Jabir Walker,Land Clark,Dominique Pender,Jeff Hutcheon
"401671840",Clete Blakeman,James Coleman,Dana McKenzie,Julian Mapp,Jonah Monroe,Scott Campbell,Karina Tovar
"401671840",Clete Blakeman,James Coleman,Dana McKenzie,Julian Mapp,Jonah Monroe,Scott Campbell,Karina Tovar
"401671844",Greg Wilson,Clay Martin,Jerod Phillips,Dave Hawkshaw,Alonzo Ramsey III,James Carter II,Brian Perry
"401671844",Greg Wilson,Clay Martin,Jerod Phillips,Dave Hawkshaw,Alonzo Ramsey III,James Carter II,Brian Perry
"401671826",Rick Patterson,Sarah Thomas,Brad Allen,Chad Hill,Duane Heydt,Walter Flowers,Tyree Walton
"401671826",Rick Patterson,Sarah Thomas,Brad Allen,Chad Hill,Duane Heydt,Walter Flowers,Tyree Walton
"401671837",Rusty Baynes,Sean Petty,Scott Helverson,Alex Kemp,Mike Morton,Lo van Pham,Robert Richeson
"401671837",Rusty Baynes,Sean Petty,Scott Helverson,Alex Kemp,Mike Morton,Lo van Pham,Robert Richeson
"401671831",Derick Bowers,Greg Meyer,Tab Slaughter,Gary Slaughter,Dale Shaw,John Jenkins,Alan Eck
"401671831",Derick Bowers,Greg Meyer,Tab Slaughter,Gary Slaughter,Dale Shaw,John Jenkins,Alan Eck
"401671841",Barry Anderson,Ronald Torbert,Keith Washington,Ryan Dickson,Tony Josselyn,Brian Bolinger,Frank LeBlanc
"401671841",Barry Anderson,Ronald Torbert,Keith Washington,Ryan Dickson,Tony Josselyn,Brian Bolinger,Frank LeBlanc
"401671828",Trawick Boger,Adrian Hill,Greg Steed,Roy Ellison,Greg Bradley,Clay Reynard,David Oliver
"401671828",Trawick Boger,Adrian Hill,Greg Steed,Roy Ellison,Greg Bradley,Clay Reynard,David Oliver
"401671838",Tim Podraza,Jim Quirk,Shawn Hochuli,Jimmy Russell,Terry Killens Jr.,Patrick Holt,Jason Ledet
"401671838",Tim Podraza,Jim Quirk,Shawn Hochuli,Jimmy Russell,Terry Killens Jr.,Patrick Holt,Jason Ledet
"401671839",Carl Cheffers,Martin Hankins,Eugene Hall,Mike Carr,Nathan Jones,Robin DeLorenzo,Brandon Cruse
"401671839",Carl Cheffers,Martin Hankins,Eugene Hall,Mike Carr,Nathan Jones,Robin DeLorenzo,Brandon Cruse
"401671830",Bill Vinovich,Jimmy Buchanan,Todd Prukop,Aaron Santi,Tripp Sutter,Dale Keller,Scott Walker
"401671830",Bill Vinovich,Jimmy Buchanan,Todd Prukop,Aaron Santi,Tripp Sutter,Dale Keller,Scott Walker
"401671833",Pat Turner,Steve Woods,Mearl Robinson,Don Willard,Grantis Bell,Thomas Eaton,Tra Blake
"401671833",Pat Turner,Steve Woods,Mearl Robinson,Don Willard,Grantis Bell,Thomas Eaton,Tra Blake
"401671845",Dino Paganelli,Dyrol Prioleau,Jeff Seeman,Boris Cheek,Shawn Smith,Alex Moore,Jay Bilbo
"401671845",Dino Paganelli,Dyrol Prioleau,Jeff Seeman,Boris Cheek,Shawn Smith,Alex Moore,Jay Bilbo
"401671843",Kent Payne,Greg Yette,Bryan Neale,Kevin Codey,Bradley Rogers,Anthony Jeffries,Joe Blubaugh
"401671843",Kent Payne,Greg Yette,Bryan Neale,Kevin Codey,Bradley Rogers,Anthony Jeffries,Joe Blubaugh
"401671814",Allen Baynes,John Hussey,Carl Johnson,Tony Michalek,Max Causey,Matt Edwards,Anthony Flemming
"401671814",Allen Baynes,John Hussey,Carl Johnson,Tony Michalek,Max Causey,Matt Edwards,Anthony Flemming
"401671821",Roy Ellison,Pat Turner,Mearl Robinson,Don Willard,Grantis Bell,Thomas Eaton,Tra Blake
"401671821",Roy Ellison,Pat Turner,Mearl Robinson,Don Willard,Grantis Bell,Thomas Eaton,Tra Blake
"401671848",Tim Podraza,Jim Quirk,Shawn Hochuli,Jimmy Russell,Terry Killens Jr.,Patrick Holt,Jason Ledet
"401671848",Tim Podraza,Jim Quirk,Shawn Hochuli,Jimmy Russell,Terry Killens Jr.,Patrick Holt,Jason Ledet
"401671648",Rusty Baynes,Sean Petty,Scott Helverson,Alex Kemp,Mike Morton,Lo van Pham,Robert Richeson
"401671648",Rusty Baynes,Sean Petty,Scott Helverson,Alex Kemp,Mike Morton,Lo van Pham,Robert Richeson
"401671601",Clete Blakeman,James Coleman,Dana McKenzie,Jonah Monroe,Robin DeLorenzo,Scott Campbell,Karina Tovar
"401671601",Clete Blakeman,James Coleman,Dana McKenzie,Jonah Monroe,Robin DeLorenzo,Scott Campbell,Karina Tovar
"401671713",Carl Cheffers,Martin Hankins,Eugene Hall,Mike Carr,Nathan Jones,Daniel Gallagher,Brandon Cruse
"401671713",Carl Cheffers,Martin Hankins,Eugene Hall,Mike Carr,Nathan Jones,Daniel Gallagher,Brandon Cruse
"401671631",Tom Stephan,Paul King,Brad Freeman,Jabir Walker,Land Clark,Dominique Pender,Jeff Hutcheon
"401671631",Tom Stephan,Paul King,Brad Freeman,Jabir Walker,Land Clark,Dominique Pender,Jeff Hutcheon
"401671654",Derick Bowers,Greg Meyer,Tab Slaughter,Dale Shaw,John Jenkins,Alan Eck,Derek Anderson
"401671654",Derick Bowers,Greg Meyer,Tab Slaughter,Dale Shaw,John Jenkins,Alan Eck,Derek Anderson
"401671660",Greg Wilson,Clay Martin,Jerod Phillips,Dave Hawkshaw,Alonzo Ramsey III,James Carter II,Brian Perry
"401671660",Greg Wilson,Clay Martin,Jerod Phillips,Dave Hawkshaw,Alonzo Ramsey III,James Carter II,Brian Perry
"401671773",Frank Steratore,Craig Wrolstad,Rich Martinez,Steve Woods,Danny Short,Jeff Shears,Brett Bergman
"401671773",Frank Steratore,Craig Wrolstad,Rich Martinez,Steve Woods,Danny Short,Jeff Shears,Brett Bergman
"401671774",Barry Anderson,Ronald Torbert,Keith Washington,Ryan Dickson,Tony Josselyn,Brian Bolinger,Frank LeBlanc
"401671774",Barry Anderson,Ronald Torbert,Keith Washington,Ryan Dickson,Tony Josselyn,Brian Bolinger,Frank LeBlanc
"401671788",Bill Vinovich,Jimmy Buchanan,Todd Prukop,Jabir Walker,Aaron Santi,Tripp Sutter,Dale Keller
"401671788",Bill Vinovich,Jimmy Buchanan,Todd Prukop,Jabir Walker,Aaron Santi,Tripp Sutter,Dale Keller
"401671690",Terry Brown,Terrence Miles,David Meslow,Scott Novak,Mark Pellis,Mark Stewart,Brian Sakowski
"401671690",Terry Brown,Terrence Miles,David Meslow,Scott Novak,Mark Pellis,Mark Stewart,Brian Sakowski
"401671817",Carl Paganelli,Pat Turner,Mearl Robinson,Don Willard,Grantis Bell,Thomas Eaton,Tra Blake
"401671817",Carl Paganelli,Pat Turner,Mearl Robinson,Don Willard,Grantis Bell,Thomas Eaton,Tra Blake
"401671667",Allen Baynes,Bruce Stritesky,Max Causey,Scott Novak,Matt Edwards,Anthony Flemming,Daniel Gallagher
"401671667",Allen Baynes,Bruce Stritesky,Max Causey,Scott Novak,Matt Edwards,Anthony Flemming,Daniel Gallagher
"401671852",Dino Paganelli,Dyrol Prioleau,Jeff Seeman,Boris Cheek,Shawn Smith,Alex Moore,Jay Bilbo
"401671852",Dino Paganelli,Dyrol Prioleau,Jeff Seeman,Boris Cheek,Shawn Smith,Alex Moore,Jay Bilbo
"401671720",Carl Cheffers,Martin Hankins,Eugene Hall,Mike Carr,Nathan Jones,Robin DeLorenzo,Brandon Cruse
"401671720",Carl Cheffers,Martin Hankins,Eugene Hall,Mike Carr,Nathan Jones,Robin DeLorenzo,Brandon Cruse
"401671850",Greg Wilson,Clay Martin,Jerod Phillips,Dave Hawkshaw,Alonzo Ramsey III,James Carter II,Brian Perry
"401671850",Greg Wilson,Clay Martin,Jerod Phillips,Dave Hawkshaw,Alonzo Ramsey III,James Carter II,Brian Perry
"401671618",Frank Steratore,Craig Wrolstad,Rich Martinez,Steve Woods,Danny Short,Jeff Shears,Brett Bergman
"401671618",Frank Steratore,Craig Wrolstad,Rich Martinez,Steve Woods,Danny Short,Jeff Shears,Brett Bergman
"401671739",Tim Podraza,Jim Quirk,Shawn Hochuli,Jimmy Russell,Terry Killens Jr.,Patrick Holt,Jason Ledet
"401671739",Tim Podraza,Jim Quirk,Shawn Hochuli,Jimmy Russell,Terry Killens Jr.,Patrick Holt,Jason Ledet
"401671707",Tom Stephan,Paul King,Brad Freeman,Jabir Walker,Land Clark,Dominique Pender,Jeff Hutcheon
"401671707",Tom Stephan,Paul King,Brad Freeman,Jabir Walker,Land Clark,Dominique Pender,Jeff Hutcheon
"401671856",Rick Patterson,Sarah Thomas,Brad Allen,Chad Hill,Duane Heydt,Walter Flowers,Tyree Walton
"401671856",Rick Patterson,Sarah Thomas,Brad Allen,Chad Hill,Duane Heydt,Walter Flowers,Tyree Walton
"401671750",Barry Anderson,Derick Bowers,Greg Meyer,Tab Slaughter,Dale Shaw,John Jenkins,Alan Eck
"401671750",Barry Anderson,Derick Bowers,Greg Meyer,Tab Slaughter,Dale Shaw,John Jenkins,Alan Eck
"401671760",Barry Anderson,Ronald Torbert,Keith Washington,Ryan Dickson,Tony Josselyn,Brian Bolinger,Frank LeBlanc
"401671760",Barry Anderson,Ronald Torbert,Keith Washington,Ryan Dickson,Tony Josselyn,Brian Bolinger,Frank LeBlanc
"401671600",Rusty Baynes,Sean Petty,Scott Helverson,Alex Kemp,Mike Morton,Lo van Pham,Robert Richeson
"401671600",Rusty Baynes,Sean Petty,Scott Helverson,Alex Kemp,Mike Morton,Lo van Pham,Robert Richeson
"401671671",Trawick Boger,Adrian Hill,Greg Steed,Roy Ellison,Greg Bradley,Clay Reynard,David Oliver
"401671671",Trawick Boger,Adrian Hill,Greg Steed,Roy Ellison,Greg Bradley,Clay Reynard,David Oliver
"401671599",Clete Blakeman,James Coleman,Dana McKenzie,Julian Mapp,Jonah Monroe,Scott Campbell,Karina Tovar
"401671599",Clete Blakeman,James Coleman,Dana McKenzie,Julian Mapp,Jonah Monroe,Scott Campbell,Karina Tovar
"401671795",Bill Vinovich,Jimmy Buchanan,Todd Prukop,Aaron Santi,Tripp Sutter,Dale Keller,Scott Walker
"401671795",Bill Vinovich,Jimmy Buchanan,Todd Prukop,Aaron Santi,Tripp Sutter,Dale Keller,Scott Walker
"401671685",Terry Brown,Terrence Miles,David Meslow,Scott Novak,Mark Pellis,Mark Stewart,Brian Sakowski
"401671685",Terry Brown,Terrence Miles,David Meslow,Scott Novak,Mark Pellis,Mark Stewart,Brian Sakowski
"401671799",Frank Steratore,Craig Wrolstad,Rich Martinez,Steve Woods,Danny Short,Jeff Shears,Brett Bergman
"401671799",Frank Steratore,Craig Wrolstad,Rich Martinez,Steve Woods,Danny Short,Jeff Shears,Brett Bergman
"401671800",Barry Anderson,Derick Bowers,Greg Meyer,Tab Slaughter,Dale Shaw,John Jenkins,Alan Eck
"401671800",Barry Anderson,Derick Bowers,Greg Meyer,Tab Slaughter,Dale Shaw,John Jenkins,Alan Eck
"401671876",Terry Brown,Terrence Miles,David Meslow,Scott Novak,Mark Pellis,Mark Stewart,Brian Sakowski
"401671876",Terry Brown,Terrence Miles,David Meslow,Scott Novak,Mark Pellis,Mark Stewart,Brian Sakowski
"401671832",Allen Baynes,John Hussey,Carl Johnson,Tony Michalek,Max Causey,Matt Edwards,Anthony Flemming
"401671832",Allen Baynes,John Hussey,Carl Johnson,Tony Michalek,Max Causey,Matt Edwards,Anthony Flemming
"401671835",Trawick Boger,Adrian Hill,Greg Steed,Roy Ellison,Greg Bradley,Clay Reynard,David Oliver
"401671835",Trawick Boger,Adrian Hill,Greg Steed,Roy Ellison,Greg Bradley,Clay Reynard,David Oliver
"401671829",Kent Payne,Greg Yette,Bryan Neale,Kevin Codey,Bradley Rogers,Anthony Jeffries,Joe Blubaugh
"401671829",Kent Payne,Greg Yette,Bryan Neale,Kevin Codey,Bradley Rogers,Anthony Jeffries,Joe Blubaugh
"401671495",Clete Blakeman,David Coleman,James Coleman,Dana McKenzie,Julian Mapp,Jonah Monroe,Scott Campbell
"401671495",Clete Blakeman,David Coleman,James Coleman,Dana McKenzie,Julian Mapp,Jonah Monroe,Scott Campbell
"401671738",Tom Stephan,Paul King,Brad Freeman,Jabir Walker,Land Clark,Dominique Pender,Jeff Hutcheon
"401671738",Tom Stephan,Paul King,Brad Freeman,Jabir Walker,Land Clark,Dominique Pender,Jeff Hutcheon
"401671846",Bill Vinovich,Jimmy Buchanan,Todd Prukop,Aaron Santi,Tripp Sutter,Dale Keller,Scott Walker
"401671846",Bill Vinovich,Jimmy Buchanan,Todd Prukop,Aaron Santi,Tripp Sutter,Dale Keller,Scott Walker
"401671765",Rick Patterson,Sarah Thomas,Brad Allen,Chad Hill,Duane Heydt,Walter Flowers,Tyree Walton
"401671765",Rick Patterson,Sarah Thomas,Brad Allen,Chad Hill,Duane Heydt,Walter Flowers,Tyree Walton
"401671653",Greg Wilson,Clay Martin,Jerod Phillips,Dave Hawkshaw,Alonzo Ramsey III,James Carter II,Brian Perry
"401671653",Greg Wilson,Clay Martin,Jerod Phillips,Dave Hawkshaw,Alonzo Ramsey III,James Carter II,Brian Perry
"401671634",Dino Paganelli,Dyrol Prioleau,Boris Cheek,Shawn Smith,Robin DeLorenzo,Alex Moore,Jay Bilbo
"401671634",Dino Paganelli,Dyrol Prioleau,Boris Cheek,Shawn Smith,Robin DeLorenzo,Alex Moore,Jay Bilbo
"401671877",Barry Anderson,Ronald Torbert,Keith Washington,Ryan Dickson,Tony Josselyn,Brian Bolinger,Frank LeBlanc
"401671877",Barry Anderson,Ronald Torbert,Keith Washington,Ryan Dickson,Tony Josselyn,Brian Bolinger,Frank LeBlanc
"401671725",Carl Cheffers,Jeff Seeman,Martin Hankins,Eugene Hall,Mike Carr,Nathan Jones,Brandon Cruse
"401671725",Carl Cheffers,Jeff Seeman,Martin Hankins,Eugene Hall,Mike Carr,Nathan Jones,Brandon Cruse
"401671842",Rusty Baynes,Sean Petty,Scott Helverson,Alex Kemp,Mike Morton,Daniel Gallagher,Lo van Pham
"401671842",Rusty Baynes,Sean Petty,Scott Helverson,Alex Kemp,Mike Morton,Daniel Gallagher,Lo van Pham
"401671698",Tim Podraza,Jim Quirk,Shawn Hochuli,Jimmy Russell,Terry Killens Jr.,Patrick Holt,Jason Ledet
"401671698",Tim Podraza,Jim Quirk,Shawn Hochuli,Jimmy Russell,Terry Killens Jr.,Patrick Holt,Jason Ledet
"401671875",Rick Patterson,Sarah Thomas,Brad Allen,Chad Hill,Duane Heydt,Walter Flowers,Tyree Walton
"401671875",Rick Patterson,Sarah Thomas,Brad Allen,Chad Hill,Duane Heydt,Walter Flowers,Tyree Walton
"401671870",Greg Wilson,Clay Martin,Jerod Phillips,Dave Hawkshaw,Alonzo Ramsey III,James Carter II,Brian Perry
"401671870",Greg Wilson,Clay Martin,Jerod Phillips,Dave Hawkshaw,Alonzo Ramsey III,James Carter II,Brian Perry
"401671866",Tim Podraza,Jim Quirk,Shawn Hochuli,Jimmy Russell,Terry Killens Jr.,Patrick Holt,Jason Ledet
"401671866",Tim Podraza,Jim Quirk,Shawn Hochuli,Jimmy Russell,Terry Killens Jr.,Patrick Holt,Jason Ledet
"401671847",Derick Bowers,Greg Meyer,Tab Slaughter,Dale Shaw,John Jenkins,Alan Eck,Derek Anderson
"401671847",Derick Bowers,Greg Meyer,Tab Slaughter,Dale Shaw,John Jenkins,Alan Eck,Derek Anderson
"401671638",Trawick Boger,Adrian Hill,Greg Steed,Roy Ellison,Greg Bradley,Clay Reynard,David Oliver
"401671638",Trawick Boger,Adrian Hill,Greg Steed,Roy Ellison,Greg Bradley,Clay Reynard,David Oliver
"401671715",Carl Paganelli,Pat Turner,Mearl Robinson,Don Willard,Grantis Bell,Thomas Eaton,Tra Blake
"401671715",Carl Paganelli,Pat Turner,Mearl Robinson,Don Willard,Grantis Bell,Thomas Eaton,Tra Blake
"401671651",Dino Paganelli,Dyrol Prioleau,Boris Cheek,Shawn Smith,Robin DeLorenzo,Alex Moore,Jay Bilbo
"401671651",Dino Paganelli,Dyrol Prioleau,Boris Cheek,Shawn Smith,Robin DeLorenzo,Alex Moore,Jay Bilbo
"401671858",Kent Payne,Greg Yette,Bryan Neale,Kevin Codey,Bradley Rogers,Anthony Jeffries,Joe Blubaugh
"401671858",Kent Payne,Greg Yette,Bryan Neale,Kevin Codey,Bradley Rogers,Anthony Jeffries,Joe Blubaugh
"401671656",Barry Anderson,Ronald Torbert,Keith Washington,Ryan Dickson,Tony Josselyn,Brian Bolinger,Frank LeBlanc
"401671656",Barry Anderson,Ronald Torbert,Keith Washington,Ryan Dickson,Tony Josselyn,Brian Bolinger,Frank LeBlanc
"401671768",Frank Steratore,Craig Wrolstad,Rich Martinez,Steve Woods,Danny Short,Daniel Gallagher,Jeff Shears
"401671768",Frank Steratore,Craig Wrolstad,Rich Martinez,Steve Woods,Danny Short,Daniel Gallagher,Jeff Shears
"401671775",Terry Brown,Terrence Miles,David Meslow,Scott Novak,Mark Pellis,Mark Stewart,Brian Sakowski
"401671775",Terry Brown,Terrence Miles,David Meslow,Scott Novak,Mark Pellis,Mark Stewart,Brian Sakowski
"401671794",Tom Stephan,Paul King,Brad Freeman,Jabir Walker,Land Clark,Dominique Pender,Jeff Hutcheon
"401671794",Tom Stephan,Paul King,Brad Freeman,Jabir Walker,Land Clark,Dominique Pender,Jeff Hutcheon
"401671689",Carl Cheffers,Jeff Seeman,Martin Hankins,Eugene Hall,Mike Carr,Nathan Jones,Brandon Cruse
"401671689",Carl Cheffers,Jeff Seeman,Martin Hankins,Eugene Hall,Mike Carr,Nathan Jones,Brandon Cruse
"401671807",Bill Vinovich,Jimmy Buchanan,Todd Prukop,Jabir Walker,Aaron Santi,Tripp Sutter,Dale Keller
"401671807",Bill Vinovich,Jimmy Buchanan,Todd Prukop,Jabir Walker,Aaron Santi,Tripp Sutter,Dale Keller
"401671709",Dino Paganelli,Dyrol Prioleau,Jeff Seeman,Boris Cheek,Shawn Smith,Alex Moore,Jay Bilbo
"401671709",Dino Paganelli,Dyrol Prioleau,Jeff Seeman,Boris Cheek,Shawn Smith,Alex Moore,Jay Bilbo
"401671721",Greg Wilson,Clay Martin,Jerod Phillips,Dave Hawkshaw,Alonzo Ramsey III,James Carter II,Brian Perry
"401671721",Greg Wilson,Clay Martin,Jerod Phillips,Dave Hawkshaw,Alonzo Ramsey III,James Carter II,Brian Perry
"401671723",Tim Podraza,Jim Quirk,Shawn Hochuli,Jimmy Russell,Terry Killens Jr.,Patrick Holt,Jason Ledet
"401671723",Tim Podraza,Jim Quirk,Shawn Hochuli,Jimmy Russell,Terry Killens Jr.,Patrick Holt,Jason Ledet
"401671636",Derick Bowers,Greg Meyer,Tab Slaughter,Dale Shaw,John Jenkins,Alan Eck,Derek Anderson
"401671636",Derick Bowers,Greg Meyer,Tab Slaughter,Dale Shaw,John Jenkins,Alan Eck,Derek Anderson
"401671645",Rick Patterson,Sarah Thomas,Brad Allen,Chad Hill,Duane Heydt,Walter Flowers,Tyree Walton
"401671645",Rick Patterson,Sarah Thomas,Brad Allen,Chad Hill,Duane Heydt,Walter Flowers,Tyree Walton
"401671702","","","","","","",""
"401671702","","","","","","",""
"401671716",Terry Brown,Terrence Miles,David Meslow,Scott Novak,Mark Pellis,Mark Stewart,Brian Sakowski
"401671716",Terry Brown,Terrence Miles,David Meslow,Scott Novak,Mark Pellis,Mark Stewart,Brian Sakowski
"401671652",Kent Payne,Greg Yette,Bryan Neale,Kevin Codey,Bradley Rogers,Anthony Jeffries,Joe Blubaugh
"401671652",Kent Payne,Greg Yette,Bryan Neale,Kevin Codey,Bradley Rogers,Anthony Jeffries,Joe Blubaugh
"401671635",Trawick Boger,Adrian Hill,Bruce Stritesky,Greg Steed,Greg Bradley,Clay Reynard,Daniel Gallagher
"401671635",Trawick Boger,Adrian Hill,Bruce Stritesky,Greg Steed,Greg Bradley,Clay Reynard,Daniel Gallagher
"401671624",Carl Paganelli,Pat Turner,Mearl Robinson,Don Willard,Grantis Bell,Thomas Eaton,Tra Blake
"401671624",Carl Paganelli,Pat Turner,Mearl Robinson,Don Willard,Grantis Bell,Thomas Eaton,Tra Blake
"401671754",Rusty Baynes,John Hussey,Carl Johnson,Tony Michalek,Max Causey,Matt Edwards,Anthony Flemming
"401671754",Rusty Baynes,John Hussey,Carl Johnson,Tony Michalek,Max Causey,Matt Edwards,Anthony Flemming
"401671668",Clete Blakeman,James Coleman,Dana McKenzie,Julian Mapp,Jonah Monroe,Scott Campbell,Karina Tovar
"401671668",Clete Blakeman,James Coleman,Dana McKenzie,Julian Mapp,Jonah Monroe,Scott Campbell,Karina Tovar
"401671670",Rusty Baynes,Sean Petty,Scott Helverson,Alex Kemp,Mike Morton,Lo van Pham,Robert Richeson
"401671670",Rusty Baynes,Sean Petty,Scott Helverson,Alex Kemp,Mike Morton,Lo van Pham,Robert Richeson
"401671786",Tom Stephan,Paul King,Brad Freeman,Jabir Walker,Land Clark,Dominique Pender,Jeff Hutcheon
"401671786",Tom Stephan,Paul King,Brad Freeman,Jabir Walker,Land Clark,Dominique Pender,Jeff Hutcheon
"401671691",Frank Steratore,Craig Wrolstad,Rich Martinez,Steve Woods,Danny Short,Jeff Shears,Brett Bergman
"401671691",Frank Steratore,Craig Wrolstad,Rich Martinez,Steve Woods,Danny Short,Jeff Shears,Brett Bergman
"401671749",Greg Wilson,Tab Slaughter,Clay Martin,Jerod Phillips,Dave Hawkshaw,Daniel Gallagher,Alonzo Ramsey III
"401671749",Greg Wilson,Tab Slaughter,Clay Martin,Jerod Phillips,Dave Hawkshaw,Daniel Gallagher,Alonzo Ramsey III
"401671778",Bill Vinovich,Jimmy Buchanan,Todd Prukop,Aaron Santi,Tripp Sutter,Dale Keller,Scott Walker
"401671778",Bill Vinovich,Jimmy Buchanan,Todd Prukop,Aaron Santi,Tripp Sutter,Dale Keller,Scott Walker
"401671729",Pat Turner,Mearl Robinson,Don Willard,Grantis Bell,Thomas Eaton,Tra Blake,James Carter II
"401671729",Pat Turner,Mearl Robinson,Don Willard,Grantis Bell,Thomas Eaton,Tra Blake,James Carter II
"401671868",Clete Blakeman,James Coleman,Dana McKenzie,Julian Mapp,Jonah Monroe,Scott Campbell,Karina Tovar
"401671868",Clete Blakeman,James Coleman,Dana McKenzie,Julian Mapp,Jonah Monroe,Scott Campbell,Karina Tovar
"401671811",Kent Payne,Greg Yette,Bryan Neale,Kevin Codey,Bradley Rogers,Anthony Jeffries,Joe Blubaugh
"401671811",Kent Payne,Greg Yette,Bryan Neale,Kevin Codey,Bradley Rogers,Anthony Jeffries,Joe Blubaugh
"401671862",Allen Baynes,John Hussey,Carl Johnson,Tony Michalek,Max Causey,Matt Edwards,Anthony Flemming
"401671862",Allen Baynes,John Hussey,Carl Johnson,Tony Michalek,Max Causey,Matt Edwards,Anthony Flemming
"401671621",Barry Anderson,Ronald Torbert,Keith Washington,Ryan Dickson,Tony Josselyn,Brian Bolinger,Frank LeBlanc
"401671621",Barry Anderson,Ronald Torbert,Keith Washington,Ryan Dickson,Tony Josselyn,Brian Bolinger,Frank LeBlanc
"401671717",Dino Paganelli,Dyrol Prioleau,Jeff Seeman,Boris Cheek,Shawn Smith,Alex Moore,Jay Bilbo
"401671717",Dino Paganelli,Dyrol Prioleau,Jeff Seeman,Boris Cheek,Shawn Smith,Alex Moore,Jay Bilbo
"401671732",Trawick Boger,Adrian Hill,Greg Steed,Roy Ellison,Greg Bradley,Clay Reynard,David Oliver
"401671732",Trawick Boger,Adrian Hill,Greg Steed,Roy Ellison,Greg Bradley,Clay Reynard,David Oliver
"401671759",Frank Steratore,Craig Wrolstad,Rich Martinez,Steve Woods,Danny Short,Jeff Shears,Brett Bergman
"401671759",Frank Steratore,Craig Wrolstad,Rich Martinez,Steve Woods,Danny Short,Jeff Shears,Brett Bergman
"401671494",Rick Patterson,Sarah Thomas,Brad Allen,Chad Hill,Duane Heydt,Walter Flowers,Tyree Walton
"401671494",Rick Patterson,Sarah Thomas,Brad Allen,Chad Hill,Duane Heydt,Walter Flowers,Tyree Walton
"401671673",Jim Quirk,Shawn Hochuli,Jimmy Russell,Terry Killens Jr.,Patrick Holt,Robin DeLorenzo,Jason Ledet
"401671673",Jim Quirk,Shawn Hochuli,Jimmy Russell,Terry Killens Jr.,Patrick Holt,Robin DeLorenzo,Jason Ledet
"401671874",Terry Brown,Terrence Miles,David Meslow,Scott Novak,Mark Pellis,Mark Stewart,Brian Sakowski
"401671874",Terry Brown,Terrence Miles,David Meslow,Scott Novak,Mark Pellis,Mark Stewart,Brian Sakowski
"401671790",Tom Stephan,Paul King,Brad Freeman,Jabir Walker,Land Clark,Dominique Pender,Jeff Hutcheon
"401671790",Tom Stephan,Paul King,Brad Freeman,Jabir Walker,Land Clark,Dominique Pender,Jeff Hutcheon
"401671692",Rusty Baynes,Sean Petty,Scott Helverson,Alex Kemp,Mike Morton,Lo van Pham,Robert Richeson
"401671692",Rusty Baynes,Sean Petty,Scott Helverson,Alex Kemp,Mike Morton,Lo van Pham,Robert Richeson
"401671808",Allen Baynes,John Hussey,Carl Johnson,Tony Michalek,Max Causey,Matt Edwards,Anthony Flemming
"401671808",Allen Baynes,John Hussey,Carl Johnson,Tony Michalek,Max Causey,Matt Edwards,Anthony Flemming
"401671855",Frank Steratore,Craig Wrolstad,Rich Martinez,Steve Woods,Danny Short,Jeff Shears,Brett Bergman
"401671855",Frank Steratore,Craig Wrolstad,Rich Martinez,Steve Woods,Danny Short,Jeff Shears,Brett Bergman
"401671823",Allen Baynes,Greg Wilson,Clay Martin,Jerod Phillips,Alonzo Ramsey III,James Carter II,Brian Perry
"401671823",Allen Baynes,Greg Wilson,Clay Martin,Jerod Phillips,Alonzo Ramsey III,James Carter II,Brian Perry
"401671865",Trawick Boger,Adrian Hill,Greg Steed,Roy Ellison,Greg Bradley,Clay Reynard,David Oliver
"401671865",Trawick Boger,Adrian Hill,Greg Steed,Roy Ellison,Greg Bradley,Clay Reynard,David Oliver
"401671646",Tim Podraza,Jim Quirk,Shawn Hochuli,Jimmy Russell,Terry Killens Jr.,Patrick Holt,Jason Ledet
"401671646",Tim Podraza,Jim Quirk,Shawn Hochuli,Jimmy Russell,Terry Killens Jr.,Patrick Holt,Jason Ledet
"401671736",Terry Brown,Terrence Miles,David Meslow,Scott Novak,Mark Pellis,Mark Stewart,Brian Sakowski
"401671736",Terry Brown,Terrence Miles,David Meslow,Scott Novak,Mark Pellis,Mark Stewart,Brian Sakowski
"401671632",Rusty Baynes,Sean Petty,Scott Helverson,Alex Kemp,Mike Morton,Lo van Pham,Robert Richeson
"401671632",Rusty Baynes,Sean Petty,Scott Helverson,Alex Kemp,Mike Morton,Lo van Pham,Robert Richeson
"401671741",Barry Anderson,Derick Bowers,Greg Meyer,Tab Slaughter,Dale Shaw,John Jenkins,Alan Eck
"401671741",Barry Anderson,Derick Bowers,Greg Meyer,Tab Slaughter,Dale Shaw,John Jenkins,Alan Eck
"401671658",Bill Vinovich,Jimmy Buchanan,Todd Prukop,Aaron Santi,Tripp Sutter,Dale Keller,Scott Walker
"401671658",Bill Vinovich,Jimmy Buchanan,Todd Prukop,Aaron Santi,Tripp Sutter,Dale Keller,Scott Walker
"401671662",Tom Stephan,Paul King,Brad Freeman,Jabir Walker,Land Clark,Dominique Pender,Jeff Hutcheon
"401671662",Tom Stephan,Paul King,Brad Freeman,Jabir Walker,Land Clark,Dominique Pender,Jeff Hutcheon
"401671763",Barry Anderson,Ronald Torbert,Keith Washington,Ryan Dickson,Tony Josselyn,Brian Bolinger,Frank LeBlanc
"401671763",Barry Anderson,Ronald Torbert,Keith Washington,Ryan Dickson,Tony Josselyn,Brian Bolinger,Frank LeBlanc
"401671772",Clete Blakeman,James Coleman,Dana McKenzie,Julian Mapp,Jonah Monroe,Scott Campbell,Karina Tovar
"401671772",Clete Blakeman,James Coleman,Dana McKenzie,Julian Mapp,Jonah Monroe,Scott Campbell,Karina Tovar
"401671771",Kent Payne,Bruce Stritesky,Greg Yette,Bradley Rogers,Anthony Jeffries,Daniel Gallagher,Joe Blubaugh
"401671771",Kent Payne,Bruce Stritesky,Greg Yette,Bradley Rogers,Anthony Jeffries,Daniel Gallagher,Joe Blubaugh
"401671793",Carl Paganelli,Pat Turner,Mearl Robinson,Don Willard,Grantis Bell,Thomas Eaton,Tra Blake
"401671793",Carl Paganelli,Pat Turner,Mearl Robinson,Don Willard,Grantis Bell,Thomas Eaton,Tra Blake
"401671682",Dyrol Prioleau,Jeff Seeman,Carl Paganelli,Boris Cheek,Shawn Smith,Alex Moore,Jay Bilbo
"401671682",Dyrol Prioleau,Jeff Seeman,Carl Paganelli,Boris Cheek,Shawn Smith,Alex Moore,Jay Bilbo
"401671490",Rick Patterson,Sarah Thomas,Brad Allen,Chad Hill,Duane Heydt,Walter Flowers,Tyree Walton
"401671490",Rick Patterson,Sarah Thomas,Brad Allen,Chad Hill,Duane Heydt,Walter Flowers,Tyree Walton
"401671819",Frank Steratore,Craig Wrolstad,Rich Martinez,Steve Woods,Danny Short,Jeff Shears,Brett Bergman
"401671819",Frank Steratore,Craig Wrolstad,Rich Martinez,Steve Woods,Danny Short,Jeff Shears,Brett Bergman
"401671802",Rick Patterson,Sarah Thomas,Brad Allen,Chad Hill,Duane Heydt,Walter Flowers,Tyree Walton
"401671802",Rick Patterson,Sarah Thomas,Brad Allen,Chad Hill,Duane Heydt,Walter Flowers,Tyree Walton
"401671722",Allen Baynes,Rusty Baynes,Sean Petty,Scott Helverson,Alex Kemp,Mike Morton,Lo van Pham
"401671722",Allen Baynes,Rusty Baynes,Sean Petty,Scott Helverson,Alex Kemp,Mike Morton,Lo van Pham
"401671820",Kent Payne,Greg Yette,Bryan Neale,Kevin Codey,Bradley Rogers,Anthony Jeffries,Joe Blubaugh
"401671820",Kent Payne,Greg Yette,Bryan Neale,Kevin Codey,Bradley Rogers,Anthony Jeffries,Joe Blubaugh
"401671619",Bruce Stritesky,Ronald Torbert,Keith Washington,Ryan Dickson,Tony Josselyn,Brian Bolinger,Daniel Gallagher
"401671619",Bruce Stritesky,Ronald Torbert,Keith Washington,Ryan Dickson,Tony Josselyn,Brian Bolinger,Daniel Gallagher
"401671735",Clete Blakeman,James Coleman,Dana McKenzie,Julian Mapp,Jonah Monroe,Scott Campbell,Karina Tovar
"401671735",Clete Blakeman,James Coleman,Dana McKenzie,Julian Mapp,Jonah Monroe,Scott Campbell,Karina Tovar
"401671714",Tim Podraza,Jim Quirk,Shawn Hochuli,Jimmy Russell,Terry Killens Jr.,Patrick Holt,Jason Ledet
"401671714",Tim Podraza,Jim Quirk,Shawn Hochuli,Jimmy Russell,Terry Killens Jr.,Patrick Holt,Jason Ledet
"401671625",Tom Stephan,Paul King,Brad Freeman,Jabir Walker,Land Clark,Dominique Pender,Jeff Hutcheon
"401671625",Tom Stephan,Paul King,Brad Freeman,Jabir Walker,Land Clark,Dominique Pender,Jeff Hutcheon
"401671655",Carl Paganelli,Pat Turner,Mearl Robinson,Don Willard,Grantis Bell,Thomas Eaton,Tra Blake
"401671655",Carl Paganelli,Pat Turner,Mearl Robinson,Don Willard,Grantis Bell,Thomas Eaton,Tra Blake
"401671657",Derick Bowers,Greg Meyer,Tab Slaughter,Dale Shaw,John Jenkins,Alan Eck,Derek Anderson
"401671657",Derick Bowers,Greg Meyer,Tab Slaughter,Dale Shaw,John Jenkins,Alan Eck,Derek Anderson
"401671764",Allen Baynes,John Hussey,Carl Johnson,Tony Michalek,Max Causey,Matt Edwards,Anthony Flemming
"401671764",Allen Baynes,John Hussey,Carl Johnson,Tony Michalek,Max Causey,Matt Edwards,Anthony Flemming
"401671769",Dyrol Prioleau,Greg Wilson,Clay Martin,Jerod Phillips,Alonzo Ramsey III,James Carter II,Brian Perry
"401671769",Dyrol Prioleau,Greg Wilson,Clay Martin,Jerod Phillips,Alonzo Ramsey III,James Carter II,Brian Perry
"401671791",Carl Cheffers,Martin Hankins,Eugene Hall,Mike Carr,Nathan Jones,Robin DeLorenzo,Brandon Cruse
"401671791",Carl Cheffers,Martin Hankins,Eugene Hall,Mike Carr,Nathan Jones,Robin DeLorenzo,Brandon Cruse
"401671684",Trawick Boger,Adrian Hill,Greg Steed,Roy Ellison,Greg Bradley,Clay Reynard,David Oliver
"401671684",Trawick Boger,Adrian Hill,Greg Steed,Roy Ellison,Greg Bradley,Clay Reynard,David Oliver
"401671818",Greg Wilson,Clay Martin,Jerod Phillips,Dave Hawkshaw,Alonzo Ramsey III,James Carter II,Brian Perry
"401671818",Greg Wilson,Clay Martin,Jerod Phillips,Dave Hawkshaw,Alonzo Ramsey III,James Carter II,Brian Perry
"401671854",Paul King,Pat Turner,Mearl Robinson,Don Willard,Grantis Bell,Thomas Eaton,Tra Blake
"401671854",Paul King,Pat Turner,Mearl Robinson,Don Willard,Grantis Bell,Thomas Eaton,Tra Blake
"401671825",Frank Steratore,Craig Wrolstad,Rich Martinez,Steve Woods,Danny Short,Jeff Shears,Brett Bergman
"401671825",Frank Steratore,Craig Wrolstad,Rich Martinez,Steve Woods,Danny Short,Jeff Shears,Brett Bergman
"401671737",Tim Podraza,Jim Quirk,Shawn Hochuli,Jimmy Russell,Terry Killens Jr.,Patrick Holt,Jason Ledet
"401671737",Tim Podraza,Jim Quirk,Shawn Hochuli,Jimmy Russell,Terry Killens Jr.,Patrick Holt,Jason Ledet
"401671639",Rick Patterson,Sarah Thomas,Brad Allen,Chad Hill,Duane Heydt,Walter Flowers,Tyree Walton
"401671639",Rick Patterson,Sarah Thomas,Brad Allen,Chad Hill,Duane Heydt,Walter Flowers,Tyree Walton
"401671731",Bill Vinovich,Jimmy Buchanan,Todd Prukop,Aaron Santi,Robin DeLorenzo,Dale Keller,Scott Walker
"401671731",Bill Vinovich,Jimmy Buchanan,Todd Prukop,Aaron Santi,Robin DeLorenzo,Dale Keller,Scott Walker
"401671706",Kent Payne,Greg Yette,Bryan Neale,Kevin Codey,Bradley Rogers,Anthony Jeffries,Joe Blubaugh
"401671706",Kent Payne,Greg Yette,Bryan Neale,Kevin Codey,Bradley Rogers,Anthony Jeffries,Joe Blubaugh
"401671860",Rusty Baynes,Sean Petty,Scott Helverson,Alex Kemp,Mike Morton,Lo van Pham,Robert Richeson
"401671860",Rusty Baynes,Sean Petty,Scott Helverson,Alex Kemp,Mike Morton,Lo van Pham,Robert Richeson
"401671669",Carl Cheffers,Martin Hankins,Eugene Hall,Mike Carr,Nathan Jones,Tripp Sutter,Brandon Cruse
"401671669",Carl Cheffers,Martin Hankins,Eugene Hall,Mike Carr,Nathan Jones,Tripp Sutter,Brandon Cruse
"401671681",Trawick Boger,Adrian Hill,Greg Steed,Roy Ellison,Greg Bradley,Clay Reynard,David Oliver
"401671681",Trawick Boger,Adrian Hill,Greg Steed,Roy Ellison,Greg Bradley,Clay Reynard,David Oliver
"401671766",Derick Bowers,Greg Meyer,Tab Slaughter,Dale Shaw,John Jenkins,Alan Eck,Derek Anderson
"401671766",Derick Bowers,Greg Meyer,Tab Slaughter,Dale Shaw,John Jenkins,Alan Eck,Derek Anderson
"401671677",Barry Anderson,Ronald Torbert,Keith Washington,Ryan Dickson,Tony Josselyn,Brian Bolinger,Frank LeBlanc
"401671677",Barry Anderson,Ronald Torbert,Keith Washington,Ryan Dickson,Tony Josselyn,Brian Bolinger,Frank LeBlanc
"401671762",Terry Brown,Terrence Miles,David Meslow,Scott Novak,Mark Pellis,Mark Stewart,Brian Sakowski
"401671762",Terry Brown,Terrence Miles,David Meslow,Scott Novak,Mark Pellis,Mark Stewart,Brian Sakowski
"401671796",Clete Blakeman,James Coleman,Dana McKenzie,Julian Mapp,Jonah Monroe,Scott Campbell,Karina Tovar
"401671796",Clete Blakeman,James Coleman,Dana McKenzie,Julian Mapp,Jonah Monroe,Scott Campbell,Karina Tovar
"401671489",Allen Baynes,John Hussey,Carl Johnson,Tony Michalek,Max Causey,Matt Edwards,Anthony Flemming
"401671489",Allen Baynes,John Hussey,Carl Johnson,Tony Michalek,Max Causey,Matt Edwards,Anthony Flemming
"401671697",Dino Paganelli,Dyrol Prioleau,Jeff Seeman,Carl Paganelli,Boris Cheek,Shawn Smith,Alex Moore
"401671697",Dino Paganelli,Dyrol Prioleau,Jeff Seeman,Carl Paganelli,Boris Cheek,Shawn Smith,Alex Moore
"401671810",Clete Blakeman,James Coleman,Dana McKenzie,Julian Mapp,Jonah Monroe,Scott Campbell,Karina Tovar
"401671810",Clete Blakeman,James Coleman,Dana McKenzie,Julian Mapp,Jonah Monroe,Scott Campbell,Karina Tovar
"401671803",Tim Podraza,Jim Quirk,Shawn Hochuli,Jimmy Russell,Terry Killens Jr.,Patrick Holt,Jason Ledet
"401671803",Tim Podraza,Jim Quirk,Shawn Hochuli,Jimmy Russell,Terry Killens Jr.,Patrick Holt,Jason Ledet
"401671873",Tom Stephan,Paul King,Brad Freeman,Jabir Walker,Land Clark,Dominique Pender,Jeff Hutcheon
"401671873",Tom Stephan,Paul King,Brad Freeman,Jabir Walker,Land Clark,Dominique Pender,Jeff Hutcheon
"401671863",Terry Brown,Terrence Miles,David Meslow,Scott Novak,Mark Pellis,Mark Stewart,Brian Sakowski
"401671863",Terry Brown,Terrence Miles,David Meslow,Scott Novak,Mark Pellis,Mark Stewart,Brian Sakowski
"401671637",Rick Patterson,Sarah Thomas,Brad Allen,Chad Hill,Duane Heydt,Walter Flowers,Tyree Walton
"401671637",Rick Patterson,Sarah Thomas,Brad Allen,Chad Hill,Duane Heydt,Walter Flowers,Tyree Walton
"401671733",Carl Cheffers,Martin Hankins,Eugene Hall,Mike Carr,Nathan Jones,Robin DeLorenzo,Brandon Cruse
"401671733",Carl Cheffers,Martin Hankins,Eugene Hall,Mike Carr,Nathan Jones,Robin DeLorenzo,Brandon Cruse
"401671742","","","","","","",""
"401671742","","","","","","",""
"401671641",Kent Payne,Greg Yette,Bryan Neale,Kevin Codey,Bradley Rogers,Anthony Jeffries,Joe Blubaugh
"401671641",Kent Payne,Greg Yette,Bryan Neale,Kevin Codey,Bradley Rogers,Anthony Jeffries,Joe Blubaugh
"401671708",Trawick Boger,Adrian Hill,Greg Steed,Roy Ellison,Greg Bradley,Clay Reynard,David Oliver
"401671708",Trawick Boger,Adrian Hill,Greg Steed,Roy Ellison,Greg Bradley,Clay Reynard,David Oliver
"401671751",Frank Steratore,Craig Wrolstad,Rich Martinez,Steve Woods,Danny Short,Jeff Shears,Brett Bergman
"401671751",Frank Steratore,Craig Wrolstad,Rich Martinez,Steve Woods,Danny Short,Jeff Shears,Brett Bergman
"401671676",Rusty Baynes,Sean Petty,Scott Helverson,Alex Kemp,Mike Morton,Lo van Pham,Robert Richeson
"401671676",Rusty Baynes,Sean Petty,Scott Helverson,Alex Kemp,Mike Morton,Lo van Pham,Robert Richeson
"401671678",Allen Baynes,John Hussey,Carl Johnson,Tony Michalek,Max Causey,Matt Edwards,Anthony Flemming
"401671678",Allen Baynes,John Hussey,Carl Johnson,Tony Michalek,Max Causey,Matt Edwards,Anthony Flemming
"401671787",Bill Vinovich,Jimmy Buchanan,Todd Prukop,Aaron Santi,Tripp Sutter,Dale Keller,Scott Walker
"401671787",Bill Vinovich,Jimmy Buchanan,Todd Prukop,Aaron Santi,Tripp Sutter,Dale Keller,Scott Walker
"401671693",Barry Anderson,Ronald Torbert,Keith Washington,Ryan Dickson,Tony Josselyn,Brian Bolinger,Frank LeBlanc
"401671693",Barry Anderson,Ronald Torbert,Keith Washington,Ryan Dickson,Tony Josselyn,Brian Bolinger,Frank LeBlanc
"401671815",Barry Anderson,Ronald Torbert,Keith Washington,Ryan Dickson,Tony Josselyn,Brian Bolinger,Frank LeBlanc
"401671815",Barry Anderson,Ronald Torbert,Keith Washington,Ryan Dickson,Tony Josselyn,Brian Bolinger,Frank LeBlanc
"401671804",Terry Brown,Terrence Miles,David Meslow,Scott Novak,Mark Pellis,Mark Stewart,Brian Sakowski
"401671804",Terry Brown,Terrence Miles,David Meslow,Scott Novak,Mark Pellis,Mark Stewart,Brian Sakowski
"401671872",Carl Paganelli,Pat Turner,Mearl Robinson,Don Willard,Grantis Bell,Thomas Eaton,Tra Blake
"401671872",Carl Paganelli,Pat Turner,Mearl Robinson,Don Willard,Grantis Bell,Thomas Eaton,Tra Blake
"401671626",Bill Vinovich,Jimmy Buchanan,Todd Prukop,Jabir Walker,Aaron Santi,Tripp Sutter,Dale Keller
"401671626",Bill Vinovich,Jimmy Buchanan,Todd Prukop,Jabir Walker,Aaron Santi,Tripp Sutter,Dale Keller
"401671700",Trawick Boger,Adrian Hill,Greg Steed,Roy Ellison,Greg Bradley,Clay Reynard,David Oliver
"401671700",Trawick Boger,Adrian Hill,Greg Steed,Roy Ellison,Greg Bradley,Clay Reynard,David Oliver
"401671718","","","","","","",""
"401671718","","","","","","",""
"401671633",Carl Cheffers,Martin Hankins,Eugene Hall,Mike Carr,Nathan Jones,Robin DeLorenzo,Brandon Cruse
"401671633",Carl Cheffers,Martin Hankins,Eugene Hall,Mike Carr,Nathan Jones,Robin DeLorenzo,Brandon Cruse
"401671859",James Coleman,Greg Wilson,Clay Martin,Jerod Phillips,Alonzo Ramsey III,James Carter II,Brian Perry
"401671859",James Coleman,Greg Wilson,Clay Martin,Jerod Phillips,Alonzo Ramsey III,James Carter II,Brian Perry
"401671747",Frank Steratore,Craig Wrolstad,Rich Martinez,Steve Woods,Danny Short,Jeff Shears,Brett Bergman
"401671747",Frank Steratore,Craig Wrolstad,Rich Martinez,Steve Woods,Danny Short,Jeff Shears,Brett Bergman
"401671756",Steve Freeman,Tom Stephan,Paul King,Jabir Walker,Land Clark,Dominique Pender,Jeff Hutcheon
"401671756",Steve Freeman,Tom Stephan,Paul King,Jabir Walker,Land Clark,Dominique Pender,Jeff Hutcheon
"401671679",Rick Patterson,Sarah Thomas,Brad Allen,Chad Hill,Duane Heydt,Walter Flowers,Tyree Walton
"401671679",Rick Patterson,Sarah Thomas,Brad Allen,Chad Hill,Duane Heydt,Walter Flowers,Tyree Walton
"401671680","","","","","","",""
"401671680","","","","","","",""
"401671784",Tim Podraza,Jim Quirk,Shawn Hochuli,Jimmy Russell,Terry Killens Jr.,Patrick Holt,Jason Ledet
"401671784",Tim Podraza,Jim Quirk,Shawn Hochuli,Jimmy Russell,Terry Killens Jr.,Patrick Holt,Jason Ledet
"401671687",Kent Payne,Greg Yette,Bryan Neale,Kevin Codey,Bradley Rogers,Anthony Jeffries,Joe Blubaugh
"401671687",Kent Payne,Greg Yette,Bryan Neale,Kevin Codey,Bradley Rogers,Anthony Jeffries,Joe Blubaugh
"401671812",Greg Wilson,Jim Quirk,Clay Martin,Jerod Phillips,Alonzo Ramsey III,James Carter II,Brian Perry
"401671812",Greg Wilson,Jim Quirk,Clay Martin,Jerod Phillips,Alonzo Ramsey III,James Carter II,Brian Perry
"401671727",Allen Baynes,Rusty Baynes,John Hussey,Carl Johnson,Tony Michalek,Max Causey,Matt Edwards
"401671727",Allen Baynes,Rusty Baynes,John Hussey,Carl Johnson,Tony Michalek,Max Causey,Matt Edwards
"401671871",Kent Payne,Greg Yette,Bryan Neale,Kevin Codey,Bradley Rogers,Anthony Jeffries,Joe Blubaugh
"401671871",Kent Payne,Greg Yette,Bryan Neale,Kevin Codey,Bradley Rogers,Anthony Jeffries,Joe Blubaugh
"401671643",Bill Vinovich,Jimmy Buchanan,Todd Prukop,Jabir Walker,Aaron Santi,Tripp Sutter,Dale Keller
"401671643",Bill Vinovich,Jimmy Buchanan,Todd Prukop,Jabir Walker,Aaron Santi,Tripp Sutter,Dale Keller
"401671867",Tom Stephan,Paul King,Brad Freeman,Jabir Walker,Land Clark,Dominique Pender,Jeff Hutcheon
"401671867",Tom Stephan,Paul King,Brad Freeman,Jabir Walker,Land Clark,Dominique Pender,Jeff Hutcheon
"401671622",Barry Anderson,Ronald Torbert,Keith Washington,Ryan Dickson,Tony Josselyn,Brian Bolinger,Frank LeBlanc
"401671622",Barry Anderson,Ronald Torbert,Keith Washington,Ryan Dickson,Tony Josselyn,Brian Bolinger,Frank LeBlanc
"401671740",Carl Cheffers,Martin Hankins,Eugene Hall,Mike Carr,Nathan Jones,Robin DeLorenzo,Brandon Cruse
"401671740",Carl Cheffers,Martin Hankins,Eugene Hall,Mike Carr,Nathan Jones,Robin DeLorenzo,Brandon Cruse
"401671745",Trawick Boger,Adrian Hill,Greg Steed,Roy Ellison,Greg Bradley,Clay Reynard,David Oliver
"401671745",Trawick Boger,Adrian Hill,Greg Steed,Roy Ellison,Greg Bradley,Clay Reynard,David Oliver
"401671857",Bruce Stritesky,Pat Turner,Mearl Robinson,Don Willard,Grantis Bell,Daniel Gallagher,Tra Blake
"401671857",Bruce Stritesky,Pat Turner,Mearl Robinson,Don Willard,Grantis Bell,Daniel Gallagher,Tra Blake
"401671755",Frank Steratore,Craig Wrolstad,Rich Martinez,Steve Woods,Danny Short,Jeff Shears,Brett Bergman
"401671755",Frank Steratore,Craig Wrolstad,Rich Martinez,Steve Woods,Danny Short,Jeff Shears,Brett Bergman
"401671758",Terry Brown,Terrence Miles,David Meslow,Scott Novak,Mark Pellis,Mark Stewart,Brian Sakowski
"401671758",Terry Brown,Terrence Miles,David Meslow,Scott Novak,Mark Pellis,Mark Stewart,Brian Sakowski
"401671672",Rick Patterson,Sarah Thomas,Brad Allen,Chad Hill,Duane Heydt,Walter Flowers,Tyree Walton
"401671672",Rick Patterson,Sarah Thomas,Brad Allen,Chad Hill,Duane Heydt,Walter Flowers,Tyree Walton
"401671674",Dyrol Prioleau,Jeff Seeman,Carl Paganelli,Boris Cheek,Shawn Smith,Alex Moore,Jay Bilbo
"401671674",Dyrol Prioleau,Jeff Seeman,Carl Paganelli,Boris Cheek,Shawn Smith,Alex Moore,Jay Bilbo
"401671783",Derick Bowers,Greg Meyer,Tab Slaughter,Dale Shaw,John Jenkins,Alan Eck,Derek Anderson
"401671783",Derick Bowers,Greg Meyer,Tab Slaughter,Dale Shaw,John Jenkins,Alan Eck,Derek Anderson
"401671683",Clete Blakeman,James Coleman,Dana McKenzie,Julian Mapp,Jonah Monroe,Scott Campbell,Karina Tovar
"401671683",Clete Blakeman,James Coleman,Dana McKenzie,Julian Mapp,Jonah Monroe,Scott Campbell,Karina Tovar
"401671491",Allen Baynes,Sean Petty,Scott Helverson,Alex Kemp,Mike Morton,Lo van Pham,Robert Richeson
"401671491",Allen Baynes,Sean Petty,Scott Helverson,Alex Kemp,Mike Morton,Lo van Pham,Robert Richeson
"401671492",Barry Anderson,Derick Bowers,Greg Meyer,Tab Slaughter,Dale Shaw,John Jenkins,Alan Eck
"401671492",Barry Anderson,Derick Bowers,Greg Meyer,Tab Slaughter,Dale Shaw,John Jenkins,Alan Eck
"401671779",Kent Payne,Greg Yette,Bryan Neale,Kevin Codey,Bradley Rogers,Anthony Jeffries,Joe Blubaugh
"401671779",Kent Payne,Greg Yette,Bryan Neale,Kevin Codey,Bradley Rogers,Anthony Jeffries,Joe Blubaugh
"401671798",Terrence Miles,Boris Cheek,Greg Bradley,Eugene Hall,Shawn Smith,Terry Killens Jr.,Patrick Holt
"401671798",Terrence Miles,Boris Cheek,Greg Bradley,Eugene Hall,Shawn Smith,Terry Killens Jr.,Patrick Holt
"401671806",Greg Wilson,Clay Martin,Jerod Phillips,Dave Hawkshaw,Alonzo Ramsey III,James Carter II,Brian Perry
"401671806",Greg Wilson,Clay Martin,Jerod Phillips,Dave Hawkshaw,Alonzo Ramsey III,James Carter II,Brian Perry
"401671649",Clete Blakeman,James Coleman,Dana McKenzie,Julian Mapp,Jonah Monroe,Scott Campbell,Karina Tovar
"401671649",Clete Blakeman,James Coleman,Dana McKenzie,Julian Mapp,Jonah Monroe,Scott Campbell,Karina Tovar
"401671627",Tim Podraza,Jim Quirk,Shawn Hochuli,Jimmy Russell,Alex Moore,Jay Bilbo,Jason Ledet
"401671627",Tim Podraza,Jim Quirk,Shawn Hochuli,Jimmy Russell,Alex Moore,Jay Bilbo,Jason Ledet
"401671726",Bill Vinovich,Jimmy Buchanan,Todd Prukop,Aaron Santi,Tripp Sutter,Dale Keller,Scott Walker
"401671726",Bill Vinovich,Jimmy Buchanan,Todd Prukop,Aaron Santi,Tripp Sutter,Dale Keller,Scott Walker
"401671620",Trawick Boger,Adrian Hill,Jeff Seeman,Greg Steed,Roy Ellison,Clay Reynard,David Oliver
"401671620",Trawick Boger,Adrian Hill,Jeff Seeman,Greg Steed,Roy Ellison,Clay Reynard,David Oliver
"401671703",Carl Cheffers,Dyrol Prioleau,Martin Hankins,Mike Carr,Nathan Jones,Robin DeLorenzo,Brandon Cruse
"401671703",Carl Cheffers,Dyrol Prioleau,Martin Hankins,Mike Carr,Nathan Jones,Robin DeLorenzo,Brandon Cruse
"401671743",Barry Anderson,Ronald Torbert,Keith Washington,Ryan Dickson,Tony Josselyn,Brian Bolinger,Frank LeBlanc
"401671743",Barry Anderson,Ronald Torbert,Keith Washington,Ryan Dickson,Tony Josselyn,Brian Bolinger,Frank LeBlanc
"401671705",Tom Stephan,Paul King,Brad Freeman,Jabir Walker,Land Clark,Dominique Pender,Daniel Gallagher
"401671705",Tom Stephan,Paul King,Brad Freeman,Jabir Walker,Land Clark,Dominique Pender,Daniel Gallagher
"401671753",Rick Patterson,Sarah Thomas,Brad Allen,Chad Hill,Duane Heydt,Walter Flowers,Tyree Walton
"401671753",Rick Patterson,Sarah Thomas,Brad Allen,Chad Hill,Duane Heydt,Walter Flowers,Tyree Walton
"401671752",Carl Paganelli,Pat Turner,Mearl Robinson,Don Willard,Grantis Bell,Thomas Eaton,Tra Blake
"401671752",Carl Paganelli,Pat Turner,Mearl Robinson,Don Willard,Grantis Bell,Thomas Eaton,Tra Blake
"401671666",Frank Steratore,Craig Wrolstad,Rich Martinez,Steve Woods,Danny Short,Jeff Shears,Brett Bergman
"401671666",Frank Steratore,Craig Wrolstad,Rich Martinez,Steve Woods,Danny Short,Jeff Shears,Brett Bergman
"401671781",Rusty Baynes,Sean Petty,Scott Helverson,Alex Kemp,Mike Morton,Lo van Pham,Robert Richeson
"401671781",Rusty Baynes,Sean Petty,Scott Helverson,Alex Kemp,Mike Morton,Lo van Pham,Robert Richeson
"401671686",Allen Baynes,John Hussey,Carl Johnson,Tony Michalek,Max Causey,Matt Edwards,Anthony Flemming
"401671686",Allen Baynes,John Hussey,Carl Johnson,Tony Michalek,Max Causey,Matt Edwards,Anthony Flemming
"401671816",Tom Stephan,Paul King,Brad Freeman,Jabir Walker,Land Clark,Dominique Pender,Jeff Hutcheon
"401671816",Tom Stephan,Paul King,Brad Freeman,Jabir Walker,Land Clark,Dominique Pender,Jeff Hutcheon
"401671801",Kent Payne,Greg Yette,Bryan Neale,Kevin Codey,Bradley Rogers,Anthony Jeffries,Joe Blubaugh
"401671801",Kent Payne,Greg Yette,Bryan Neale,Kevin Codey,Bradley Rogers,Anthony Jeffries,Joe Blubaugh
"401671730",Bill Vinovich,Jimmy Buchanan,Todd Prukop,Jabir Walker,Aaron Santi,Tripp Sutter,Dale Keller
"401671730",Bill Vinovich,Jimmy Buchanan,Todd Prukop,Jabir Walker,Aaron Santi,Tripp Sutter,Dale Keller
"401671616",Allen Baynes,John Hussey,Carl Johnson,Tony Michalek,Max Causey,Matt Edwards,Anthony Flemming
"401671616",Allen Baynes,John Hussey,Carl Johnson,Tony Michalek,Max Causey,Matt Edwards,Anthony Flemming
"401671853",Barry Anderson,Ronald Torbert,Keith Washington,Ryan Dickson,Tony Josselyn,Brian Bolinger,Frank LeBlanc
"401671853",Barry Anderson,Ronald Torbert,Keith Washington,Ryan Dickson,Tony Josselyn,Brian Bolinger,Frank LeBlanc
"401671644",Terry Brown,Terrence Miles,David Meslow,Scott Novak,Mark Pellis,Mark Stewart,Brian Sakowski
"401671644",Terry Brown,Terrence Miles,David Meslow,Scott Novak,Mark Pellis,Mark Stewart,Brian Sakowski
"401671864","","","","","","",""
"401671864","","","","","","",""
"401671724","","","","","","",""
"401671724","","","","","","",""
"401671710",Carl Paganelli,Pat Turner,Mearl Robinson,Don Willard,Grantis Bell,Thomas Eaton,Tra Blake
"401671710",Carl Paganelli,Pat Turner,Mearl Robinson,Don Willard,Grantis Bell,Thomas Eaton,Tra Blake
"401671663",Tim Podraza,Jim Quirk,Shawn Hochuli,Jimmy Russell,Terry Killens Jr.,Patrick Holt,Jason Ledet
"401671663",Tim Podraza,Jim Quirk,Shawn Hochuli,Jimmy Russell,Terry Killens Jr.,Patrick Holt,Jason Ledet
"401671640",Carl Cheffers,Bruce Stritesky,Martin Hankins,Eugene Hall,Mike Carr,Nathan Jones,Daniel Gallagher
"401671640",Carl Cheffers,Bruce Stritesky,Martin Hankins,Eugene Hall,Mike Carr,Nathan Jones,Daniel Gallagher
"401671777",Derick Bowers,Greg Meyer,Tab Slaughter,Dale Shaw,John Jenkins,Alan Eck,Derek Anderson
"401671777",Derick Bowers,Greg Meyer,Tab Slaughter,Dale Shaw,John Jenkins,Alan Eck,Derek Anderson
"401671785",Dyrol Prioleau,Jeff Seeman,Carl Paganelli,Boris Cheek,Shawn Smith,Alex Moore,Jay Bilbo
"401671785",Dyrol Prioleau,Jeff Seeman,Carl Paganelli,Boris Cheek,Shawn Smith,Alex Moore,Jay Bilbo
"401671695",Rusty Baynes,Sean Petty,Scott Helverson,Alex Kemp,Mike Morton,Lo van Pham,Robert Richeson
"401671695",Rusty Baynes,Sean Petty,Scott Helverson,Alex Kemp,Mike Morton,Lo van Pham,Robert Richeson
"401671699",Clete Blakeman,James Coleman,Dana McKenzie,Julian Mapp,Jonah Monroe,Scott Campbell,Karina Tovar
"401671699",Clete Blakeman,James Coleman,Dana McKenzie,Julian Mapp,Jonah Monroe,Scott Campbell,Karina Tovar
"401671789",Tim Podraza,Jim Quirk,Shawn Hochuli,Jimmy Russell,Terry Killens Jr.,Patrick Holt,Jason Ledet
"401671789",Tim Podraza,Jim Quirk,Shawn Hochuli,Jimmy Russell,Terry Killens Jr.,Patrick Holt,Jason Ledet
"401671805",Barry Anderson,Ronald Torbert,Keith Washington,Ryan Dickson,Tony Josselyn,Brian Bolinger,Frank LeBlanc
"401671805",Barry Anderson,Ronald Torbert,Keith Washington,Ryan Dickson,Tony Josselyn,Brian Bolinger,Frank LeBlanc
"401671744",Kent Payne,Greg Yette,Bryan Neale,Kevin Codey,Bradley Rogers,Anthony Jeffries,Joe Blubaugh
"401671744",Kent Payne,Greg Yette,Bryan Neale,Kevin Codey,Bradley Rogers,Anthony Jeffries,Joe Blubaugh
"401671617",Carl Paganelli,Pat Turner,Mearl Robinson,Don Willard,Grantis Bell,Thomas Eaton,Tra Blake
"401671617",Carl Paganelli,Pat Turner,Mearl Robinson,Don Willard,Grantis Bell,Thomas Eaton,Tra Blake
"401671719",Dyrol Prioleau,Jeff Seeman,Carl Paganelli,Boris Cheek,Shawn Smith,Alex Moore,Jay Bilbo
"401671719",Dyrol Prioleau,Jeff Seeman,Carl Paganelli,Boris Cheek,Shawn Smith,Alex Moore,Jay Bilbo
"401671628",Tom Stephan,Paul King,Brad Freeman,Jabir Walker,Land Clark,Dominique Pender,Jeff Hutcheon
"401671628",Tom Stephan,Paul King,Brad Freeman,Jabir Walker,Land Clark,Dominique Pender,Jeff Hutcheon
"401671861",Allen Baynes,John Hussey,Carl Johnson,Tony Michalek,Max Causey,Matt Edwards,Anthony Flemming
"401671861",Allen Baynes,John Hussey,Carl Johnson,Tony Michalek,Max Causey,Matt Edwards,Anthony Flemming
"401671849",Jeff Bergman,Frank Steratore,Craig Wrolstad,Rich Martinez,Steve Woods,Danny Short,Jeff Shears
"401671849",Jeff Bergman,Frank Steratore,Craig Wrolstad,Rich Martinez,Steve Woods,Danny Short,Jeff Shears
"401671734",Derick Bowers,Greg Meyer,Tab Slaughter,Dale Shaw,John Jenkins,Alan Eck,Derek Anderson
"401671734",Derick Bowers,Greg Meyer,Tab Slaughter,Dale Shaw,John Jenkins,Alan Eck,Derek Anderson
"401671712","","","","","","",""
"401671712","","","","","","",""
"401671659",Terry Brown,Terrence Miles,David Meslow,Scott Novak,Mark Pellis,Mark Stewart,Brian Sakowski
"401671659",Terry Brown,Terrence Miles,David Meslow,Scott Novak,Mark Pellis,Mark Stewart,Brian Sakowski
"401671664","","","","","","",""
"401671664","","","","","","",""
"401671761","","","","","","",""
"401671761","","","","","","",""
"401671770",Bill Vinovich,Jimmy Buchanan,Todd Prukop,Aaron Santi,Tripp Sutter,Dale Keller,Scott Walker
"401671770",Bill Vinovich,Jimmy Buchanan,Todd Prukop,Aaron Santi,Tripp Sutter,Dale Keller,Scott Walker
"401671792",Trawick Boger,Adrian Hill,Greg Steed,Roy Ellison,Greg Bradley,Clay Reynard,David Oliver
"401671792",Trawick Boger,Adrian Hill,Greg Steed,Roy Ellison,Greg Bradley,Clay Reynard,David Oliver
"401671696",Carl Cheffers,Martin Hankins,Eugene Hall,Mike Carr,Nathan Jones,Robin DeLorenzo,Brandon Cruse
"401671696",Carl Cheffers,Martin Hankins,Eugene Hall,Mike Carr,Nathan Jones,Robin DeLorenzo,Brandon Cruse
